query,pharmacies,canonical_name,base_laboratory,brand,brand_source,manufacturer,active_ingredient
ambroxol,3,"Ambroxol 30mg/5ml Jarabe 100ml","","",unknown,"","ambroxol"
ambroxol,1,"Ambroxol 15 mg/5mL Jarabe 100 mL","","",unknown,"","ambroxol"
ambroxol,2,"Tocalm Ambroxol Jarabe Adulto 100 mL (Prater)","","Tocalm",name,"","ambroxol"
ambroxol,2,"Tocalm Infantil 15mg/5ml jarabe 100 ml.","","",unknown,"",""
ambroxol,1,"Muxol Ambroxol 30 mg 20 Comprimidos","","Muxol",name,"","ambroxol"
ambroxol,1,"Mintamox Pediatrico Ambroxol 15 mg/5mL Jarabe 100 mL","","Mintamox",name,"","ambroxol"
ambroxol,1,"Broncot Ambroxol 7,5 mg/mL Gotas 30 mL","","Broncot",name,"","ambroxol"
ambroxol,1,"Muxol Jarabe Pediátrico Ambroxol 300 mg / 100 ml","","Muxol",name,"","ambroxol"
ambroxol,2,"Muxol Jarabe Adulto Ambroxol 600 mg / 100 ml","","Muxol",name,"","ambroxol"
ambroxol,1,"Broncot GFT Pediatrico Ambroxol 15 mg/5mL Jarabe 120 mL","","Broncot",name,"","ambroxol"
ambroxol,1,"Mintamox Adulto Ambroxol 30 mg / 5 mL Jarabe 100 mL","","Mintamox",name,"","ambroxol"
ambroxol,1,"Mucosolvan-Dual Infantil 120Ml","","",unknown,"",""
ambroxol,1,"Tocalm ambroxol 15 mg/5 mL jarabe pediátrico 100 mL","PRATER","Tocalm",name,"Prater","ambroxol"
ambroxol,1,"Ambroxol 15mg/5ml jarabe infantil x 100 ml. (Ascend)","Ascend","",unknown,"Ascend","ambroxol"
ambroxol,1,"Muxol Adulto 30mg/5ml jarabe 100ml","","",unknown,"",""
ambroxol,1,"Muxol (ambroxol) 15mg/5ml Jarabe 100ml","","Muxol",name,"","ambroxol"
ambroxol,1,"Muxol Pediátrico 15mg/5ml jarabe x 100 ml.","","",unknown,"",""
ambroxol,1,"Broncot Forte 30mg/5ml sin azucar 120 ml.","","",unknown,"",""
ambroxol,1,"Broncot 15mg/5ml Jarabe x 120 ml.","","",unknown,"",""
ambroxol,1,"Ambroxol 15mg/5ml jarabe infantil x 100 ml. (Mintlab)","Mintlab","",unknown,"Mintlab","ambroxol"
ambroxol,1,"Ambroxol 30mg/5ml Jarabe Adulto 100 ml. (Mintlab)","Mintlab","",unknown,"Mintlab","ambroxol"
ambroxol,1,"Ambroxol 30mg/5ml Jarabe Adulto x 100 ml. (Hospifarma)","Hospifarma","",unknown,"Hospifarma","ambroxol"
ambroxol,1,"Ambroxol 15mg/5ml jarabe 100ml (Eurofarma)","Eurofarma","",unknown,"Eurofarma","ambroxol"
ambroxol,1,"Ambroxol 30mg/5ml Jarabe Adulto 100ml (Opko)","Opko","",unknown,"Opko","ambroxol"
ambroxol,1,"Ambroxol 30mg/5ml Jarabe Adulto 100ml (Seven Pharma)","Seven Pharma","",unknown,"Seven Pharma","ambroxol"
ambroxol,1,"Ambroxol 30mg/5ml Jarabe Adulto 100ml (Andromaco)","Andrómaco","",unknown,"Andrómaco","ambroxol"
ambroxol,1,"Ambroxol 30mg/5ml jarabe adulto 100 ml. (Ascend)","Ascend","",unknown,"Ascend","ambroxol"
ambroxol,1,"Tocalm Adulto 30mg/5ml jarabe 100 ml.","","",unknown,"",""
ambroxol,1,"Broncot 7,5mg/ml gotas x 30 ml.","","",unknown,"",""
ambroxol,1,"Mintamox Adulto 30mg/5ml jarabe 100ml","Mintlab","",unknown,"Mintlab",""
ambroxol,1,"Mintamox Infantil 15mg/5ml jarabe 100ml","Mintlab","",unknown,"Mintlab",""
ambroxol,1,"Muxol Jarabe adulto Ambroxol 30 mg / 5 mL x 100 mL","EUROLAB","Muxol",name,"Eurolab","ambroxol"
ambroxol,1,"Mintamox 15 mg / 5 mL x 100 mL","MINTLAB","",unknown,"Mintlab",""
ambroxol,1,"Muxol 30 mg x 20 comprimidos","","",unknown,"",""
ambroxol,1,"Muxol Jarabe adulto Ambroxol 30 mg / 5 mL x 100 mL","","Muxol",name,"","ambroxol"
ambroxol,1,"Broncot Forte G.T.F. Jarabe 30 mg / 5 mL x 120 mL","ABBOTT","",unknown,"Abbott",""
ambroxol,1,"Mintamox 15 mg / 5 mL x 100 mL","","",unknown,"",""
ambroxol,1,"Ambroxol clorhidrato 30mg 100ml SEVEN PHARMA DESCUENTO","","",unknown,"","ambroxol"
ambroxol,1,"Ambroxol Clorhidrato infantil 15mg 100 mL (Hospifarma)","","",unknown,"","ambroxol"
ambroxol,1,"Pazbronq Ambroxol Clorhidrato 30 Mg/ 5 Ml Jarabe 100 Ml","","Pazbronq",name,"","ambroxol"
ambroxol,1,"Muxol Jarabe Pedi&aacute;trico Ambroxol Clorhidrato 300 mg 100 ml","","Muxol",name,"","ambroxol"
ambroxol,1,"Tocalm Adulto 30 mg/5 mL x 100 mL Jarabe","","",unknown,"",""
ambroxol,1,"Broncot Fte G.F.T. S/Azu. 30mg/5ml 120ml","","",unknown,"",""
ambroxol,1,"Broncot GFT 15 mg/5 mL x 120 mL Jarabe","","",unknown,"",""
ambroxol,1,"Broncot 7.5 mg/ml Gotas Fco. 30ml","","",unknown,"",""
ambroxol,1,"Tocalm Pediatrico 15 mg/5 mL x 100 mL Jarabe","","",unknown,"",""
ambroxol,1,"Ambroxol Pediatrico 15mg/5...","","",unknown,"","ambroxol"
ambroxol,1,"Amrodil 30 Mg/5ml 100 Ml","","",unknown,"",""
ambroxol,1,"Broncot Gotas 7,5 mg/ml x...","","",unknown,"",""
ambroxol,1,"Broncot Pediatrico GFT...","","",unknown,"",""
ambroxol,1,"Muxol Adulto Jarabe...","","",unknown,"",""
ambroxol,1,"Muxol Pediatrico Jarabe x...","","",unknown,"",""
ambroxol,1,"Ambroxol 30mg/5ml Jarabe 100ml","Ambroxol","",unknown,"","ambroxol"
ambroxol,1,"Muxol Adulto Ambroxol Jarabe 100ml","Muxol","Muxol",structured,"","ambroxol"
ambroxol,1,"Muxol Pediátrico Ambroxol Jarabe 100ml","Muxol Pediatrico","Muxol Pediatrico",structured,"","ambroxol"
ambroxol,1,"Broncot Ambroxol 30mg/5ml 120ml","Broncot","Broncot",structured,"","ambroxol"
ambroxol,1,"Muxol Ambroxol 20 Comprimidos","Muxol","Muxol",structured,"","ambroxol"
ambroxol,1,"Broncot Ambroxol Clorhidrato 7.5mg/ml Gotas 30ml","Broncot","Broncot",structured,"","ambroxol"
paracetamol,2,"Xumadol 1 g 20 Comprimidos","","",unknown,"",""
paracetamol,1,"Paracetamol 100 mg Gotas 15 mL","","",unknown,"","paracetamol"
paracetamol,1,"Tramadol Clorhidrato 100 mg / mL Solución para Gotas Orales 20 mL","","",unknown,"",""
paracetamol,1,"Betacort Cassara Betametasona 0,5 mg / mL Solucion Oral para Gotas 30 mL","","Betacort",name,"","betametasona"
paracetamol,1,"Lirex Tibolona 2,5 mg 30 Comprimidos","","",unknown,"",""
paracetamol,5,"Paracetamol 500 mg. 16 comp.","","",unknown,"","paracetamol"
paracetamol,1,"Salbutamol 0,5% Solución para Nebulización 20 mL","","",unknown,"","salbutamol"
paracetamol,1,"Paracetamol Infantil  80 mg 100 Comprimidos","","",unknown,"","paracetamol"
paracetamol,1,"Sales para Rehidratación 60 Cloruro de Sodio 3,5 gr Polvo para Suspensión Oral 8 Sobres Sabor Fresa","","Sales",name,"","sodio"
paracetamol,1,"Sales para Rehidratación 90 Cloruro de Sodio 3,5 gr Polvo para Suspensión Oral 4 Sobres Sabor Limón","","Sales",name,"","sodio"
paracetamol,1,"Ambroxol 15 mg/5mL Jarabe 100 mL","","",unknown,"","ambroxol"
paracetamol,1,"Paracetamol 125 mg 6 Supositorios","","",unknown,"","paracetamol"
paracetamol,2,"Paracetamol Infantil 80 mg 20 Comprimidos","","",unknown,"","paracetamol"
paracetamol,1,"Brevex Paracetamol 300 mg 20 Comprimidos Recubiertos","","Brevex",name,"","paracetamol"
paracetamol,1,"Ipratropio Bromuro 0,025% Solución para Inhalación 20 mL","","",unknown,"",""
paracetamol,1,"Trelegy Ellipta 92 mcg Polvo Para Inhalacion Oral 30 Dosis","","",unknown,"",""
paracetamol,1,"Uroplus Fosfomicina 3 gr Granulos para Solucion Oral 1 Sobre","","",unknown,"",""
paracetamol,1,"Bonavid Colecalciferol 300.000 UI Solución Oral para Gotas 2 mL","","",unknown,"",""
paracetamol,1,"Combodart 0,5/0,4 Dutasteride 0,5 mg Tamsulosina 0,4 mg 30 Cápsulas Blandas","","",unknown,"",""
paracetamol,1,"Bromhexina 4 mg/5mL Jarabe 100 mL","","",unknown,"",""
paracetamol,2,"Gesidol Paracetamol 1gr 20 Comprimidos","","Gesidol",name,"","paracetamol"
paracetamol,1,"Alividol Paracetamol 1000 mg 20 comprimidos","","Alividol",name,"","paracetamol"
paracetamol,2,"Dropol Paracetamol 1 gr 20 Comprimidos","","Dropol",name,"","paracetamol"
paracetamol,1,"Geniol Paracetamol 1000 mg 20 Comprimidos","","Geniol",name,"","paracetamol"
paracetamol,1,"Tapsin paracetamol 500 mg 24 comprimidos","MAVER","Tapsin",name,"Maver","paracetamol"
paracetamol,3,"Paracetamol 500 mg 16 comprimidos","ANDRÓMACO","",unknown,"Andrómaco","paracetamol"
paracetamol,1,"Tral P paracetamol 325 mg tramadol 37,5 mg 30 comprimidos recubiertos","PASTEUR","Tral",name,"Pasteur","paracetamol"
paracetamol,1,"Dropol paracetamol 1 g 20 comprimidos","PASTEUR","Dropol",name,"Pasteur","paracetamol"
paracetamol,1,"Tramadol 37,5 mg paracetamol 325 mg 30 comprimidos recubiertos","SEVEN PHARMA","",unknown,"Seven Pharma",""
paracetamol,1,"Paracetamol 80 mg 16 comprimidos masticables","TEVA","",unknown,"Teva","paracetamol"
paracetamol,1,"Paracetamol 125 mg 6 supositorios infantiles","TEVA","",unknown,"Teva","paracetamol"
paracetamol,1,"Paracetamol 80 mg 20 comprimidos masticables infantil","MILAB","",unknown,"Milab","paracetamol"
paracetamol,2,"Tapsin Niños 160 mg x 16 comprimidos.","Maver","",unknown,"Maver",""
paracetamol,1,"Panadol para niños paracetamol 80 mg 20 comprimidos masticables","HALEON","Panadol",name,"Haleon","paracetamol"
paracetamol,1,"Desdol paracetamol 300 mg clorzoxazona 250 mg 20 comprimidos recubiertos","EUROFARMA","Desdol",name,"Eurofarma","paracetamol"
paracetamol,1,"Paracetamol 100 mg/mL solución para gotas orales infantil 15 mL","TEVA","",unknown,"Teva","paracetamol"
paracetamol,1,"Tapsin Duo paracetamol 300 mg ibuprofeno 200 mg 12 comprimidos recubiertos","MAVER","Tapsin",name,"Maver","paracetamol"
paracetamol,1,"Algiafin paracetamol 120 mg/5 mL jarabe 60 mL","INTERPHARMA","Algiafin",name,"Interpharma","paracetamol"
paracetamol,1,"Panadol paracetamol 160 mg/5 mL jarabe infantil 90 mL","GSK","Panadol",name,"Gsk","paracetamol"
paracetamol,1,"Kitadol paracetamol 120 mg/5 mL jarabe infantil 100 mL","TEVA","Kitadol",name,"Teva","paracetamol"
paracetamol,1,"Tapsin SC paracetamol 1 g 20 sobres polvo para solución oral efervescente","MAVER","Tapsin",name,"Maver","paracetamol"
paracetamol,1,"Dolsom paracetamol 100 mg/mL solución oral para gotas 30 mL","PRATER","Dolsom",name,"Prater","paracetamol"
paracetamol,1,"Tapsin InstaFLU día paracetamol 500 mg pseudoefedrina 60 mg 1 sobre polvo para solución oral 5 g","MAVER","Tapsin",name,"Maver","paracetamol"
paracetamol,1,"Migrax 10 comprimidos recubiertos","SAVAL","",unknown,"Saval",""
paracetamol,1,"Tapsin compuesto DN plus 18 comprimidos recubiertos","MAVER","",unknown,"Maver",""
paracetamol,1,"Tapsin caliente compuesto día polvo para solución oral 5 g","MAVER","",unknown,"Maver",""
paracetamol,1,"Tapsin caliente compuesto noche polvo para solución oral 5 g","MAVER","",unknown,"Maver",""
paracetamol,1,"Trioval día y noche 20 comprimidos","SAVAL","",unknown,"Saval",""
paracetamol,1,"Tramadol Paracetamol 37.5/325 x 30 comprimidos. (Seven Pharma)","Seven Pharma","Tramadol",name,"Seven Pharma","paracetamol"
paracetamol,1,"Paracetamol 500 mg x 80 comprimidos. (Chile)","Laboratorio Chile","",unknown,"Laboratorio Chile","paracetamol"
paracetamol,2,"Paracetamol 500 mg x 16 comprimidos","Chile","",unknown,"Chile","paracetamol"
paracetamol,1,"Paracetamol Infantil 80 mg x 16 comprmidos masticables. (Chile)","Laboratorio Chile","",unknown,"Laboratorio Chile","paracetamol"
paracetamol,1,"Tramadol Paracetamol 37.5/325 x 30 comprimidos. (Laboratorio Chile)","Laboratorio Chile","Tramadol",name,"Laboratorio Chile","paracetamol"
paracetamol,1,"Paracetamol Infantil 125mg x 6 supositorios. (Chile)","Laboratorio Chile","",unknown,"Laboratorio Chile","paracetamol"
paracetamol,1,"Tramadol Paracetamol 37.5/325 x30com Ascend (Cenabast)","Ascend","Tramadol",name,"Ascend","paracetamol"
paracetamol,1,"Dropol Paracetamol infantil gotas 100 mg/ml x 15 ml (Pasteur)","Pasteur","Dropol",name,"Pasteur","paracetamol"
paracetamol,1,"Paracetamol Gotas 100 mg/ml x15ml (Chile)","Laboratorio Chile","",unknown,"Laboratorio Chile","paracetamol"
paracetamol,1,"Paracetamol 100 mg/ml x15ml (Valma)","Valma","",unknown,"Valma","paracetamol"
paracetamol,1,"Paracetamol Solución para Perfusión 1000mg/100ml x 1 Ampolla (B Braun)","B.Braun","",unknown,"B.Braun","paracetamol"
paracetamol,1,"Xumadol Polvo Efervescente 1 gramo x 20 sobres.","ITF-Labomed","",unknown,"ITF-Labomed",""
paracetamol,3,"Winasorb Jarabe 150mg/5ml x 60 ml.","","",unknown,"",""
paracetamol,1,"Xumadol 1 gramo x 20 comprimidos.","ITF-Labomed","",unknown,"ITF-Labomed",""
paracetamol,1,"Geniol Niños 160 mg x 16 comprimidos masticables","Mintlab","",unknown,"Mintlab",""
paracetamol,1,"Kitadol Infantil 120mg/5ml jarabe 60 ml. (Cenabast)","Laboratorio Chile","",unknown,"Laboratorio Chile",""
paracetamol,2,"Kitadol 1 g x 18 comprimidos","LABORATORIO CHILE","",unknown,"Laboratorio Chile",""
paracetamol,1,"Xumadol 1 g x 20 comprimidos","ITF-LABOMET","",unknown,"Itf-Labomet",""
paracetamol,1,"Supracalm 1 g x 20 comprimidos","TECNOFARMA","",unknown,"Tecnofarma",""
paracetamol,1,"Alividol 1000 mg x 20 comprimidos","OPKO","",unknown,"Opko",""
paracetamol,1,"Kitadol 500 mg x 24 comprimidos","LABORATORIO CHILE","",unknown,"Laboratorio Chile",""
paracetamol,1,"Paracetamol 500 mg x 16 comprimidos","Mediven","",unknown,"Mediven","paracetamol"
paracetamol,1,"Tapsin Puro Paracetamol 500 mg x 16 comprimidos","MAVER","Tapsin",name,"Maver","paracetamol"
paracetamol,1,"Tapsin Paracetamol 100 mg/ml Gotas x 15 mL","","Tapsin",name,"","paracetamol"
paracetamol,1,"Gesidol Paracetamol 120mg/5ml Jarabe Infantil 100ml","","Gesidol",name,"","paracetamol"
paracetamol,1,"Kitadol Paracetamol Infantil gotas 100mg 15ml DESCUENTO","","Kitadol",name,"","paracetamol"
paracetamol,2,"Paracetamol gotas 100mg/ml x 15 mL (Cenabast)","","",unknown,"","paracetamol"
paracetamol,2,"Paracetamol inf. suposit. x 6","","",unknown,"","paracetamol"
paracetamol,1,"Tapsin Puro Sin Cafeina Paracetamol 500 mg x 16 Comprimidos","","Tapsin",name,"","paracetamol"
paracetamol,1,"Paracetamol Tramadol 325/37.5mg x 30 Comprimidos Recubiertos","","",unknown,"",""
paracetamol,1,"Tapsin infantil paracetamol 120mg/5ml jarabe 100ml","","Tapsin",name,"","paracetamol"
paracetamol,1,"Gesidol infantil paracetamol 120mg/5mL jarabe 100ml DESCUENTO","","Gesidol",name,"","paracetamol"
paracetamol,1,"Kitadol Paracetamol Infantil Jarabe 100ml","","Kitadol",name,"","paracetamol"
paracetamol,1,"Tramadol Clorhidrato/Paracetamol 37,5-325mg x 30 Comp. Recubiertos","","",unknown,"",""
paracetamol,1,"Paracetamol 1gr x 20 Comprimidos (Hospifarma)","","",unknown,"","paracetamol"
paracetamol,1,"Paracetamol Gesidol 1gr x 20 Comprimidos","","",unknown,"","paracetamol"
paracetamol,2,"Kitadol 500 mg x 24 Comprimidos","","",unknown,"",""
paracetamol,1,"Paracetamol 80 mg x 20 Comprimidos Masticables","","",unknown,"","paracetamol"
paracetamol,1,"Paracetamol Infantil 125 mg x 6 Supositorios","","",unknown,"","paracetamol"
paracetamol,1,"Paracetamol 500 mg SINFLU x 20 Comprimidos","","",unknown,"","paracetamol"
paracetamol,1,"Bufferin Forte Paracetamol 1 G 18 Comprimidos","","Bufferin",name,"","paracetamol"
paracetamol,1,"Paracetamol 1G Dropol Comprimidos Efervecentes Tubo x  10","","",unknown,"","paracetamol"
paracetamol,1,"Paracetamol 1G Dropol Comprimidos Efervecentes Tubo x 20","","",unknown,"","paracetamol"
paracetamol,1,"Gesidol Infantil 120 mg/5 mL x 100 mL Jarabe","","",unknown,"",""
paracetamol,1,"Kitadol 1 g 18 Comprimidos","","",unknown,"",""
paracetamol,1,"Tapsin 1g Efervescente X 20 Sobres","","",unknown,"",""
paracetamol,1,"Panadol Ni&ntilde;os 160mg/5ml Jarabe 90ml","","",unknown,"",""
paracetamol,1,"Panadol Advance 500mg x 48 Comprimidos","","",unknown,"",""
paracetamol,1,"Panadol 80 mg x 20 Comprimidos Masticables","","",unknown,"",""
paracetamol,1,"Panadol Advance 500mg x 12 Comprimidos","","",unknown,"",""
paracetamol,1,"Panadol Ni&ntilde;os 100mg/Ml Gotas 15ml","","",unknown,"",""
paracetamol,1,"Kitadol 160 mg x 16 Comprimidos Masticables","","",unknown,"",""
paracetamol,1,"Kitadol 100 mg/mL x 15 mL Soluci&oacute;n Oral Para Gotas","","",unknown,"",""
paracetamol,1,"Bufferin 500Mg X 12 Comprimidos","","",unknown,"",""
paracetamol,1,"Paracetamol Gotas 100 mg/mL...","","",unknown,"","paracetamol"
paracetamol,1,"Paracetamol Infantil 100...","","",unknown,"","paracetamol"
paracetamol,1,"Paracetamol Infantil Gotas...","","",unknown,"","paracetamol"
paracetamol,1,"Paracetamol/Tramadol...","","",unknown,"",""
paracetamol,1,"Algiafin Jarabe x 60 ml","","",unknown,"",""
paracetamol,1,"Alividol 1000 mg 20...","","",unknown,"",""
paracetamol,1,"Anacin Max 8 Comp","","",unknown,"",""
paracetamol,1,"Brevex 20 comprimidos","","",unknown,"",""
paracetamol,1,"Cortigrip Dia y Noche 15...","","",unknown,"",""
paracetamol,1,"Cronus x 30 comprimidos","","",unknown,"",""
paracetamol,1,"Geniol (paracetamol) 500mg 20 Comprimidos","","Geniol",name,"","paracetamol"
paracetamol,1,"Tapsín Limonada Noche (B) Paracetamol 5g","Tapsin","Tapsin",structured,"","paracetamol"
paracetamol,1,"Tapsin Limonada (B) Paracetamol Día 5g","Tapsin","Tapsin",structured,"","paracetamol"
paracetamol,1,"Kitadol (B) Paracetamol 500mg 24 Comprimidos","Kitadol","Kitadol",structured,"","paracetamol"
paracetamol,1,"Paracetamol (B) 16 Comprimidos","Paracetamol","",unknown,"","paracetamol"
paracetamol,1,"Tapsin Duo (B) Paracetamol / Ibuprofeno 12 Comprimidos Recubiertos","Tapsin","Tapsin",structured,"",""
paracetamol,1,"Tapsí­n M (B) Paracetamol 10 Comprimidos Recubiertos","Tapsin M","Tapsin M",structured,"","paracetamol"
paracetamol,1,"Panadol Advance (R) Paracetamol 500mg 12 Comprimidos Recubiertos","Panadol Advance","Panadol Advance",structured,"","paracetamol"
paracetamol,1,"Kitadol Parcetamol Infantil 16 Comprimidos Masticables","Kitadol Infantil","Kitadol Infantil",structured,"",""
paracetamol,1,"Tapsn (B) Paracetamol 500mg 24 Comprimidos","Tapsin","Tapsin",structured,"","paracetamol"
paracetamol,1,"Gesidol Infantil (B) Paracetamol Gotas 15ml","Gesidol","Gesidol",structured,"","paracetamol"
paracetamol,1,"Kitadol Duo Ibuprofeno / Paracetamol 10 Comprimidos Recubiertos","Kitadol Duo","Kitadol Duo",structured,"",""
paracetamol,1,"Tapsin Forte (B) Paracetamol  20 Comprimidos Recubiertos","Tapsin Forte","Tapsin Forte",structured,"","paracetamol"
paracetamol,1,"Kitadol Parcetamol Infantil Gotas 15ml","Kitadol Infantil","Kitadol Infantil",structured,"",""
paracetamol,1,"Panadol Niños Paracetamol Gotas 15ml","Panadol","Panadol",structured,"","paracetamol"
paracetamol,1,"Tapsin Infantil Gotas (B) Paracetamol 15ml","Tapsin","Tapsin",structured,"","paracetamol"
paracetamol,1,"Xumadol Paracetamol 1g 20 Sobres Efervescentes","Xumadol","Xumadol",structured,"","paracetamol"
paracetamol,1,"Kitadol (B) Paracetamol 1g 18 Comprimidos","Kitadol","Kitadol",structured,"","paracetamol"
paracetamol,1,"Xumadol (B) Paracetamol 1g 20 Comprimidos","Xumadol","Xumadol",structured,"","paracetamol"
paracetamol,1,"Gesidol (B) Paracetamol 1g 20 Comprimidos","Gesidol","Gesidol",structured,"","paracetamol"
paracetamol,1,"Panadol Advance (R) Paracetamol 500mg 48 Comprimidos Recubiertos","Panadol Advance","Panadol Advance",structured,"","paracetamol"
paracetamol,1,"Panadol Niños Paracetamol Jarabe 90ml","Panadol","Panadol",structured,"","paracetamol"
paracetamol,1,"Bufferin (B) Forte Paracetamol 1g 18 Comprimidos","Bufferin","Bufferin",structured,"","paracetamol"
paracetamol,1,"Supracalm (B) Paracetamol 20 Comprimidos","Supracalm","Supracalm",structured,"","paracetamol"
tapsin,1,"Tapsin Paracetamol 100 mg/ml Gotas 15 mL","","Tapsin",name,"","paracetamol"
tapsin,2,"Tapsin Puro Sin Cafeina Paracetamol 500 mg 16 Comprimidos","","Tapsin",name,"","paracetamol"
tapsin,1,"Tapsin 1000 SC Paracetamol 1000 mg 20 Comprimidos Recubiertos","","Tapsin",name,"","paracetamol"
tapsin,2,"Tapsin  Infantil Suspensión  100Ml","","",unknown,"",""
tapsin,1,"Tapsin Nocturno Paracetamol 500 mg 600 Comprimidos","","Tapsin",name,"","paracetamol"
tapsin,1,"Tapsin Periodo Pamabrom 25 mg 12 Comprimidos","","",unknown,"",""
tapsin,1,"Tapsin Analgésico Paracetamol 400 mg 6 Comprimidos","","Tapsin",name,"","paracetamol"
tapsin,1,"Tapsin Nocturno Paracetamol 500 mg 12 Comprimidos","","Tapsin",name,"","paracetamol"
tapsin,1,"Tapsin Insta Flu Polvo Día","","",unknown,"",""
tapsin,1,"Tapsin Insta Flu  Polvo Noche","","",unknown,"",""
tapsin,1,"Tapsin Plus Noche Paracetamol 650 mg Solución Oral 1 Sobre","","Tapsin",name,"","paracetamol"
tapsin,1,"Tapsin Plus Día Paracetamol 650 mg Solución Oral 1 Sobre","","Tapsin",name,"","paracetamol"
tapsin,1,"Tapsin Analgésico Paracetamol 400 mg 12 Comprimidos","","Tapsin",name,"","paracetamol"
tapsin,1,"Tapsin Duo Paracetamol Ibuprofeno 12 Comprimidos Recubiertos","","Tapsin",name,"","paracetamol"
tapsin,1,"Tapsin Niños Paracetamol 160 mg 16 Comprimidos Masticables","","Tapsin",name,"","paracetamol"
tapsin,1,"Tapsin Forte Paracetamol 650 mg 20 Comprimidos Recubiertos","","Tapsin",name,"","paracetamol"
tapsin,1,"Tapsin M Migraña Paracetamol 400 mg Cafeína 33 mg 10 Comprimidos","","Tapsin",name,"","paracetamol"
tapsin,1,"Tapsin Día-Noche Plus Paracetamol 400 mg 18 Comprimidos Recubiertos","","Tapsin",name,"","paracetamol"
tapsin,1,"Tapsin Noche Compuesto Antigripal Paracetamol 400 mg Noscapina 10 mg Clorfenamina 4 mg Polvo para Soluc.Oral 1 Sobre Sabor Limon / Miel / Jengibre","","",unknown,"",""
tapsin,1,"Tapsin Dia Compuesto Antigripal Paracetamol 400 mg Noscapina 10 mg Cafeina 33 mg Polvo para Soluc.Oral  1 Sobre Sabor Limon / Miel / Jengibre","","",unknown,"",""
tapsin,1,"Tapsin InstaFLU DN Paracetamol 500 mg Pseudoefedrina Clorhidrato 60 mg 12+6 Comprimidos","","Tapsin",name,"","paracetamol"
tapsin,1,"Tapsin Forte Paracetamol 650 mg 30 Comprimidos Recibiertos con Tapa De Seguridad Childproof","","Tapsin",name,"","paracetamol"
tapsin,1,"Tapsin Paracetamol 400 mg Cafeina 33 mg 30 Comprimidos con Tapa de Seguridad Childproof","","Tapsin",name,"","paracetamol"
tapsin,1,"Tapsin SC Paracetamol 1000 mg Polvo para Soluc. Oral Efervescente 1 Sobre Sabor Limon","","Tapsin",name,"","paracetamol"
tapsin,1,"Tapsin paracetamol 500 mg 24 comprimidos","MAVER","Tapsin",name,"Maver","paracetamol"
tapsin,1,"Paracetamol 500 mg 16 comprimidos","ANDRÓMACO","",unknown,"Andrómaco","paracetamol"
tapsin,1,"Dropol paracetamol 1 g 20 comprimidos","PASTEUR","Dropol",name,"Pasteur","paracetamol"
tapsin,2,"Tapsin instaFLU DN 18 comprimidos","MAVER","",unknown,"Maver",""
tapsin,1,"Tapsin compuesto DN plus 18 comprimidos recubiertos","MAVER","",unknown,"Maver",""
tapsin,2,"Tapsin caliente compuesto día polvo para solución oral 5 g","MAVER","",unknown,"Maver",""
tapsin,2,"Tapsin Niños 160 mg x 16 comprimidos.","Maver","",unknown,"Maver",""
tapsin,1,"Tapsin InstaFLU noche 1 sobre polvo para solución oral 5 g","MAVER","",unknown,"Maver",""
tapsin,1,"Tapsin caliente compuesto noche polvo para solución oral 5 g","MAVER","",unknown,"Maver",""
tapsin,1,"Tapsin InstaFLU día paracetamol 500 mg pseudoefedrina 60 mg 1 sobre polvo para solución oral 5 g","MAVER","Tapsin",name,"Maver","paracetamol"
tapsin,1,"Tapsin Duo paracetamol 300 mg ibuprofeno 200 mg 12 comprimidos recubiertos","MAVER","Tapsin",name,"Maver","paracetamol"
tapsin,1,"Tapsin SC paracetamol 1 g 20 sobres polvo para solución oral efervescente","MAVER","Tapsin",name,"Maver","paracetamol"
tapsin,1,"Predual 10 comprimidos","MAVER","",unknown,"Maver",""
tapsin,1,"Dolider 10 comprimidos","PASTEUR","",unknown,"Pasteur",""
tapsin,1,"Crevet limonada vitamina C propóleo y zinc 1 sobre 4 g","PRATER","",unknown,"Prater",""
tapsin,1,"Trioval día y noche 20 comprimidos","SAVAL","",unknown,"Saval",""
tapsin,1,"Tapsin Infantil 120mg/5ml jarabe x 100 ml.","Maver","",unknown,"Maver",""
tapsin,2,"Tapsin Pediatrico 100mg/ml gotas x 15 ml.","Maver","",unknown,"Maver",""
tapsin,1,"Tapsin 1000 SC x 20 comprimidos recubiertos.","Maver","",unknown,"Maver",""
tapsin,2,"Tapsin Periodo x 12 comprimidos","MAVER","",unknown,"Maver",""
tapsin,1,"Tapsin Polvo efervescente limon 1g x20 sobres","Maver","",unknown,"Maver",""
tapsin,1,"Tapsin Dia y noche plus x 18 comprimidos.","Maver","",unknown,"Maver",""
tapsin,1,"Tapsin SC puro 500 mg x 24 comprimidos.","Maver","",unknown,"Maver",""
tapsin,1,"Tapsin Plus Caliente Día limonada Antigripal x 5 gramos.","Maver","",unknown,"Maver",""
tapsin,1,"Tapsin Plus limonada noche x5g","Maver","",unknown,"Maver",""
tapsin,1,"Tapsin Duo x 12 comprimidos","Maver","",unknown,"Maver",""
tapsin,1,"Tapsin SC puro 500 mg x 16 comprimidos.","Maver","",unknown,"Maver",""
tapsin,1,"Tapsin Forte x 30 comprimidos","Maver","",unknown,"Maver",""
tapsin,2,"Tapsin Forte x 20 comprimidos","Maver","",unknown,"Maver",""
tapsin,1,"Tapsin M migraña x 10 comprimidos.","Maver","",unknown,"Maver",""
tapsin,1,"Tapsin Rojo Dolor de Cabeza Tira x 6 comprimidos","Maver","",unknown,"Maver",""
tapsin,1,"Tapsin Dolor de Cabeza con cafeína x 12 comprimidos","Maver","",unknown,"Maver",""
tapsin,1,"Tapsin Infantil 80mg x16com","Maver","",unknown,"Maver",""
tapsin,1,"Tapsin Periodo x30com.","Maver","",unknown,"Maver",""
tapsin,1,"Tapsin 1000 SC 1 g x 20 comprimidos","MAVER","",unknown,"Maver",""
tapsin,1,"Tapsin Efervecente 1 g x 20 sobres","MAVER","",unknown,"Maver",""
tapsin,1,"Tapsin Puro Paracetamol 500 mg x 16 comprimidos","MAVER","Tapsin",name,"Maver","paracetamol"
tapsin,1,"Tapsin Migraña x 10 comprimidos","MAVER","",unknown,"Maver",""
tapsin,1,"Tapsin Insta Flu Polvo Noche","MAVER","",unknown,"Maver",""
tapsin,1,"Tapsin InstaFlu Dia y Noche x 18 comprimidos","MAVER","",unknown,"Maver",""
tapsin,2,"Tapsin Paracetamol 100 mg/ml Gotas x 15 mL","","Tapsin",name,"","paracetamol"
tapsin,1,"Tapsin M Migraña por10 comprimidos (Maver) DESCUENTO c.arrugada","","",unknown,"",""
tapsin,1,"Tapsin M Migraña X 30 Comprimidos (Maver)","","",unknown,"",""
tapsin,1,"Tapsin SC Paracetamol 1 gr x 20 Comprimidos","","Tapsin",name,"","paracetamol"
tapsin,1,"Tapsin DN Compuesto + Plus x 18 Comprimidos","","",unknown,"",""
tapsin,1,"Tapsin Periodo x 30 comprimidos (Maver)","","",unknown,"",""
tapsin,1,"Tapsin SC Polvo Para Solución Efervescente Paracetamol 1gr X 20 Sobres","","Tapsin",name,"","paracetamol"
tapsin,1,"Tapsin Forte X 6 comprimidos recubiertos","","",unknown,"",""
tapsin,2,"Tapsin Nocturno X 12 cápsulas","","",unknown,"",""
tapsin,1,"Tapsin Analgésico x 30 comprimidos (Maver)","","",unknown,"",""
tapsin,1,"Tapsin Mujer x12 comprimidos (Maver)","","",unknown,"",""
tapsin,1,"Tapsin X 6 comprimidos Noche (Maver)","","",unknown,"",""
tapsin,1,"Tapsin X 6 Comprimidos (Maver)","","",unknown,"",""
tapsin,1,"Tapsin X 12 comprimidos (Maver)","","",unknown,"",""
tapsin,1,"Tapsin Sobre Noche (Maver)","","",unknown,"",""
tapsin,1,"Tapsin Sobre Dia (Maver)","","",unknown,"",""
tapsin,2,"Tapsin M x 10 Comprimidos Recubiertos","","",unknown,"",""
tapsin,2,"Tapsin Forte X 20 comprimidos (Maver)","","",unknown,"",""
tapsin,1,"Tapsin 1g Efervescente X 20 Sobres","","",unknown,"",""
tapsin,1,"Tapsin Puro Sin Cafeina 500 mg x 24 Comprimidos","","",unknown,"",""
tapsin,1,"Tapsin 160 mg x 16 Comprimidos Masticables","","",unknown,"",""
tapsin,1,"Tapsin 1000 mg SC x 20 Comprimidos Recubiertos","","",unknown,"",""
tapsin,1,"Tapsin Infantil 120 mg/ 5 mL Suspensi&oacute;n Oral Sabor Frambuesa 100 mL","","",unknown,"",""
tapsin,1,"Tapsin Instaflu DN Paracetamol 500 mg Pseudoefedrina Clorhidrato 60 mg 18 Comprimidos","","Tapsin",name,"","paracetamol"
tapsin,1,"Tapsin Periodo x 12 Comprimidos","","",unknown,"",""
tapsin,1,"Tapsin Compuesto Antigripal Caliente D&iacute;a Lim&oacute;n, Miel, Jengibre x 1 Sobre Polvo Para Solucion Oral","","",unknown,"",""
tapsin,1,"Tapsin Compuesto Dia 5g 1 Sobre Polvo Para Soluci&oacute;n Oral","","",unknown,"",""
tapsin,1,"Tapsin Instaflu Polvo Dia 5 g","","",unknown,"",""
tapsin,1,"Tapsin Forte x 30 Comprimidos Recubiertos","","",unknown,"",""
tapsin,1,"Tapsin Instaflu D&iacute;a Noche 6 Comprimidos","","",unknown,"",""
tapsin,1,"Tapsin Compuesto Noche 5g 1 Sobre Polvo Para Soluci&oacute;n Oral","","",unknown,"",""
tapsin,1,"Tapsin Duo x 30 Comprimidos Recubiertos","","",unknown,"",""
tapsin,1,"Tapsin Instaflu Polvo Noche 5 g","","",unknown,"",""
tapsin,1,"Tapsin D&iacute;a Noche Plus Antigripal 18 Comprimidos Recubiertos","","",unknown,"",""
tapsin,1,"Tapsin Compuesto Noche 5 g 6 Sobres Polvo para Soluci&oacute;n Oral","","",unknown,"",""
tapsin,1,"Tapsin Compuesto Dia 5 g x 6 Sobres Polvo Para Soluci&oacute;n Oral","","",unknown,"",""
tapsin,1,"Tapsin x 30 Comprimidos","","",unknown,"",""
tapsin,1,"Tapsin Compuesto Antigripal Caliente Noche Lim&oacute;n, Miel, Jengibre x 1 Sobre Polvo Para Solucion Oral","","",unknown,"",""
tapsin,1,"Paracetamol 500 mg. 16 comp.","","",unknown,"","paracetamol"
tapsin,1,"Paracetamol Gotas 100 mg/mL...","","",unknown,"","paracetamol"
tapsin,1,"Paracetamol inf. suposit. x 6","","",unknown,"","paracetamol"
tapsin,1,"Paracetamol Infantil 100...","","",unknown,"","paracetamol"
tapsin,1,"Paracetamol Infantil Gotas...","","",unknown,"","paracetamol"
tapsin,1,"Paracetamol/Tramadol...","","",unknown,"",""
tapsin,1,"Algiafin Jarabe x 60 ml","","",unknown,"",""
tapsin,1,"Alividol 1000 mg 20...","","",unknown,"",""
tapsin,1,"Anacin Max 8 Comp","","",unknown,"",""
tapsin,1,"Brevex 20 comprimidos","","",unknown,"",""
tapsin,1,"Cortigrip Dia y Noche 15...","","",unknown,"",""
tapsin,1,"Cronus x 30 comprimidos","","",unknown,"",""
tapsin,1,"Tapsin Dia Limonada Sobre (ai)","","",unknown,"",""
tapsin,1,"Tapsin Noche Limonada Sobre (ai)","","",unknown,"",""
tapsin,1,"Tapsin Limonada (B) Paracetamol Día 5g","Tapsin","Tapsin",structured,"","paracetamol"
tapsin,1,"Tapsín Limonada Noche (B) Paracetamol 5g","Tapsin","Tapsin",structured,"","paracetamol"
tapsin,1,"Tapsin Instaflu (B) Paracetamol Polvo Noche 1 Sobre","Tapsin","Tapsin",structured,"","paracetamol"
tapsin,1,"Tapsin Instaflu (B) Paracetamol  Polvo Día 1 Sobre","Tapsin","Tapsin",structured,"","paracetamol"
tapsin,1,"Tapsín Nocturno (B) Paracetamol 12 Comprimidos","Tapsin","Tapsin",structured,"","paracetamol"
tapsin,1,"Tapsin (B) Paracetamol / Cafeína 12 Comprimidos","Tapsin","Tapsin",structured,"",""
tapsin,1,"Tapsin Periodo 12 Comprimidos","Tapsin","Tapsin",structured,"",""
tapsin,1,"Tapsin Duo (B) Paracetamol / Ibuprofeno 12 Comprimidos Recubiertos","Tapsin","Tapsin",structured,"",""
tapsin,1,"Tapsí­n M (B) Paracetamol 10 Comprimidos Recubiertos","Tapsin M","Tapsin M",structured,"","paracetamol"
tapsin,1,"Tapsn (B) Paracetamol 500mg 24 Comprimidos","Tapsin","Tapsin",structured,"","paracetamol"
tapsin,1,"Tapsin Instaflu D/N (B) Paracetamol  6 Comprimidos","Tapsin","Tapsin",structured,"","paracetamol"
tapsin,1,"Tapsin Forte (B) Paracetamol  20 Comprimidos Recubiertos","Tapsin Forte","Tapsin Forte",structured,"","paracetamol"
tapsin,1,"Tapsín DN Plus (B) Paracetamol 18 Comprimidos Recubiertos","Tapsin","Tapsin",structured,"","paracetamol"
tapsin,1,"Tapsin Infantil Gotas (B) Paracetamol 15ml","Tapsin","Tapsin",structured,"","paracetamol"
tapsin,1,"Tapsín Limonada Noche (B) Paracetamol 6 Sobres","Tapsí­n","Tapsín",structured,"","paracetamol"
tapsin,1,"Tapsín Limonada (B) Paracetamol Día 6 Sobres","Tapsin ","Tapsin",structured,"","paracetamol"
tapsin,1,"Tapsin Forte (B) Paracetamol  Frasco 30 Comprimidos","Tapsí­n","Tapsín",structured,"","paracetamol"
tapsin,1,"Tapsin SC Efervescente (B) Paracetamol 20 Sobres","Tapsin","Tapsin",structured,"","paracetamol"
tapsin,1,"Tapsí­n Instaflu DN 18 Comprimidos","Tapsí­n","Tapsín",structured,"",""
tapsin,1,"Tapsin Instaflu Compuesto Plus 12 Comprimidos","Tapsin","Tapsin",structured,"",""
tapsin,1,"Tapsin (B) Paracetamol 1g 20 Comprimidos Recubiertos","Tapsin","Tapsin",structured,"","paracetamol"
tapsin,1,"Tapsin Duo (B) Paracetamol / Ibuprofeno 30 Comprimidos Recubiertos","Tapsin","Tapsin",structured,"",""
tapsin,1,"Tapsín M 30 Comprimidos Recubiertos","Tapsin","Tapsin",structured,"",""
tapsin,1,"Tapsin Infantil Paracetamol 120mg/5ml Jarabe 100ml","Tapsin","Tapsin",structured,"","paracetamol"
ibuprofeno,1,"Pyriped Ibuprofeno 400 mg 20 Cápsulas Blandas","","Pyriped",name,"","ibuprofeno"
ibuprofeno,6,"Ibuprofeno 400 mg x 20 comp","","",unknown,"","ibuprofeno"
ibuprofeno,3,"Ibuprofeno 600 Mg 20 Comp....","","",unknown,"","ibuprofeno"
ibuprofeno,3,"Ibuprofeno 200 mg 20 Comprimidos","","",unknown,"","ibuprofeno"
ibuprofeno,2,"Ibuprofeno 200mg/5ml Jarabe 100ml","","",unknown,"","ibuprofeno"
ibuprofeno,1,"Ibuprofeno 100 mg/5mL Suspensión 100 mL","","",unknown,"","ibuprofeno"
ibuprofeno,2,"Ibucalm Ibuprofeno 600 mg 20 Cápsulas blandas","","Ibucalm",name,"","ibuprofeno"
ibuprofeno,3,"Ibucalm Ibuprofeno 600 Mg 10 Cap Blandas","","Ibucalm",name,"","ibuprofeno"
ibuprofeno,3,"Ibucalm Ibuprofeno 400 Mg 10 Cap Blandas","","Ibucalm",name,"","ibuprofeno"
ibuprofeno,1,"Ibucalm Ibuprofeno 400 mg 20 Cápsulas blandas","","Ibucalm",name,"","ibuprofeno"
ibuprofeno,1,"Pyriped Ibuprofeno 400Mg 10 Cápsulas Blandas","","Pyriped",name,"","ibuprofeno"
ibuprofeno,2,"Ibupirac LC Ibuprofeno 600 mg 10 Cápsulas Blandas","","Ibupirac",name,"","ibuprofeno"
ibuprofeno,1,"Ibupirac LC Ibuprofeno 400 mg 20 Cápsulas Blandas","","Ibupirac",name,"","ibuprofeno"
ibuprofeno,2,"Actron 400 mg x 10 cápsulas...","","",unknown,"",""
ibuprofeno,2,"Dolorub 5% Crema Topica Con...","","",unknown,"",""
ibuprofeno,2,"Actron 400mg X 20 Capsulas Blandas","","",unknown,"",""
ibuprofeno,1,"Triofeno Ibuprofeno 200 mg 20 Comprimidos","","Triofeno",name,"","ibuprofeno"
ibuprofeno,1,"Actron 600 Ibuprofeno 600 mg 20 Cápsulas Blandas","","Actron",name,"","ibuprofeno"
ibuprofeno,2,"Pyriped (ibuprofeno) 100mg/5ml Jarabe 100ml","","Pyriped",name,"","ibuprofeno"
ibuprofeno,1,"Pyriped Ibuprofeno Suspension Oral 200mg/5ml 100ml","","Pyriped",name,"","ibuprofeno"
ibuprofeno,1,"Dolorub Analgesica-Antiinflamatoria Ibuprofeno 5% Crema Tópica 45 gr","","Dolorub",name,"","ibuprofeno"
ibuprofeno,1,"Tapsin Duo Paracetamol Ibuprofeno 12 Comprimidos Recubiertos","","Tapsin",name,"","paracetamol"
ibuprofeno,1,"Niofen Cold HBP Ibuprofeno 200 mg 10 Comprimidos","","Niofen",name,"","ibuprofeno"
ibuprofeno,1,"Pironal Forte Ibuprofeno 200 mg/5mL Suspensión 100 mL","","Pironal",name,"","ibuprofeno"
ibuprofeno,1,"Pironal Flu Forte Ibuprofeno 200 mg Suspensión 100 mL","","Pironal",name,"","ibuprofeno"
ibuprofeno,1,"Pironal Flu Forte Ibuprofeno 400 mg 12 Comprimidos Recubiertos","","Pironal",name,"","ibuprofeno"
ibuprofeno,1,"Ibuprofeno 400 mg 20 comprimidos","TEVA","",unknown,"Teva","ibuprofeno"
ibuprofeno,2,"Ibuprofeno 200 mg x 20 comprimidos","GENERICOS-ASCEND","",unknown,"Genericos-Ascend","ibuprofeno"
ibuprofeno,1,"Ibuprofeno 600 mg 20 comprimidos recubiertos","OPKO","",unknown,"Opko","ibuprofeno"
ibuprofeno,1,"DorAliv ibuprofeno 600 mg 10 cápsulas blandas","VIVUNT","DorAliv",name,"Vivunt","ibuprofeno"
ibuprofeno,2,"Ibupirac LC 400 mg x 20 cápsulas blandas.","Chemopharma","",unknown,"Chemopharma",""
ibuprofeno,1,"Dolorub ibuprofeno 5 % crema 45 g","MAVER","Dolorub",name,"Maver","ibuprofeno"
ibuprofeno,1,"Ibuprofeno 100 mg/5 mL suspensión oral 100 mL","OPKO","",unknown,"Opko","ibuprofeno"
ibuprofeno,1,"Tapsin Duo paracetamol 300 mg ibuprofeno 200 mg 12 comprimidos recubiertos","MAVER","Tapsin",name,"Maver","paracetamol"
ibuprofeno,1,"IbuAliv niños ibuprofeno 100 mg/5 mL suspensión oral 100 mL","VIVUNT","IbuAliv",name,"Vivunt","ibuprofeno"
ibuprofeno,1,"Finagrip suspensión oral 100 mL","INTERPHARMA","",unknown,"Interpharma",""
ibuprofeno,1,"Finagrip 10 comprimidos recubiertos","INTERPHARMA","",unknown,"Interpharma",""
ibuprofeno,1,"Ibuprofeno Forte suspensión  Oral 200mg/5ml 100ml (Opko)","Opko","",unknown,"Opko","ibuprofeno"
ibuprofeno,2,"Ibuprofeno 400 mg x 20 comprimidos","CHILE","",unknown,"Chile","ibuprofeno"
ibuprofeno,1,"Ibucalm 400 mg x 20 cápsulas blandas.","Opko","",unknown,"Opko",""
ibuprofeno,1,"Pironal Flu Forte x 12 comprimidos.","Bagó","",unknown,"Bagó",""
ibuprofeno,1,"Ibucalm 400 mg x 10 cápsulas blandas.","Opko","",unknown,"Opko",""
ibuprofeno,1,"Dolorub 5% crema 60 g","Maver","",unknown,"Maver",""
ibuprofeno,1,"Ibucalm 600 mg x 10 cápsulas blandas.","Opko","",unknown,"Opko",""
ibuprofeno,1,"Kitadol Duo x 10 comprimidos","Laboratorio Chile","",unknown,"Laboratorio Chile",""
ibuprofeno,2,"Niofen Forte 200mg/5ml suspensión oral 120 ml.","","",unknown,"",""
ibuprofeno,1,"Bediatil Forte suspensión Oral 200 mg/5ml x 100 ml.","Pasteur","",unknown,"Pasteur",""
ibuprofeno,1,"Ibucalm 600 mg x 20 cápsulas blandas.","Opko","",unknown,"Opko",""
ibuprofeno,1,"Ibupirac LC 400 mg x 10 cápsulas blandas.","Chemopharma","",unknown,"Chemopharma",""
ibuprofeno,1,"Ibupirac LC 600 mg x 10 cápsulas blandas.","Chemopharma","",unknown,"Chemopharma",""
ibuprofeno,1,"Tapsin Duo x 12 comprimidos","Maver","",unknown,"Maver",""
ibuprofeno,1,"Ipson D forte suspension oral 120ml","","",unknown,"",""
ibuprofeno,1,"Ipson Forte suspensión oral 200mg/5ml x120ml","","",unknown,"",""
ibuprofeno,1,"Dolorub 5% gel x 60 gramos.","Maver","",unknown,"Maver",""
ibuprofeno,1,"Pironal Flu Forte Suspensión Oral 100ml","Bagó","",unknown,"Bagó",""
ibuprofeno,1,"Ibufren Forte 200mg/5ml Suspensión Oral 100ml","Hospifarma","",unknown,"Hospifarma",""
ibuprofeno,1,"Ibuprofeno 600 mg Lab chile - 20 Comprimidos","LABORATORIO CHILE","",unknown,"Laboratorio Chile","ibuprofeno"
ibuprofeno,1,"Ibuprofeno 600 mg 20 Comprimidos Laboratorio Chile","ASCEND","",unknown,"Ascend","ibuprofeno"
ibuprofeno,1,"Ibuprofeno 400 mg x 20 comprimidos","OPKO","",unknown,"Opko","ibuprofeno"
ibuprofeno,1,"Pyriped 400 mg x 20 cápsulas","MINTLAB","",unknown,"Mintlab",""
ibuprofeno,1,"Ibupirac Forte Suspensión Oral 200 mg / 5 mL x 100 mL","CHEMOFARMA","",unknown,"Chemofarma",""
ibuprofeno,1,"Ibuprofeno Suspensión Oral 200 mg / 5 mL x 100 mL","Opko","",unknown,"Opko","ibuprofeno"
ibuprofeno,1,"Ibuprofeno 200 mg/5 mL x 100 mL Suspension Oral","","",unknown,"","ibuprofeno"
ibuprofeno,1,"Ibuprofeno Suspensión 100 mg/5ml x 100 ml (cenabast)","","",unknown,"","ibuprofeno"
ibuprofeno,1,"Dolorub Ibuprofeno Gel 60g DESCUENTO","","Dolorub",name,"","ibuprofeno"
ibuprofeno,1,"Dolad Ibuprofeno suspensión oral 200mg/5ml 120ml Ascend Cenabast DESCUENTO","","Dolad",name,"","ibuprofeno"
ibuprofeno,1,"Ibuprofeno Dolad suspensión oral 200mg/5ml 120ml (Ascend Cenabast)","","",unknown,"","ibuprofeno"
ibuprofeno,1,"Actron ibuprofeno 600mg por 10 caps. blandas DESCUENTO","","Actron",name,"","ibuprofeno"
ibuprofeno,1,"Ibuprofeno Ibupirac Flu Forte suspensión DESCUENTO caja dañada","","",unknown,"","ibuprofeno"
ibuprofeno,1,"Ibuprofeno Deucodol Forte  200 mg/5 ml x 120 ml","","",unknown,"","ibuprofeno"
ibuprofeno,1,"Ipson-D Ibuprofeno Pseudofedrina Clorhidrato 100 mg &#8211; 15 mg / 5 ml 120 Ml","","IpsonD",name,"","ibuprofeno"
ibuprofeno,1,"Ibuprofeno 100 mg/5 mL x 100 mL Suspensi&oacute;n Oral ETHON PHARMACEUTICALS S.P.A","","",unknown,"","ibuprofeno"
ibuprofeno,1,"Ibupirac Forte 200 mg/5 mL x 100 mL Suspensi&oacute;n Oral","","",unknown,"",""
ibuprofeno,1,"Ibupirac LC 600 mg x 10 C&aacute;psulas Blandas","","",unknown,"",""
ibuprofeno,1,"Ibupirac LC 400 mg x 20 C&aacute;psulas Blandas","","",unknown,"",""
ibuprofeno,1,"Actron 600 mg x 10 C&aacute;psulas Blandas","","",unknown,"",""
ibuprofeno,1,"Deucodol Forte 200 mg/5 mL x 120 mL Suspension Oral","","",unknown,"",""
ibuprofeno,1,"Ipson 100 mg/5 mL x 120 mL Suspensi&oacute;n Oral","","",unknown,"",""
ibuprofeno,1,"Niofen Forte 200 mg/5 mL x 120 mL Suspensi&oacute;n Oral","","",unknown,"",""
ibuprofeno,1,"Ipson Forte 200 mg/5 mL x 120 mL Suspensi&oacute;n Oral","","",unknown,"",""
ibuprofeno,1,"Ibufren Fte 200Mg/5Ml Suspenci&oacute;n Oral 100Ml Frasco","","",unknown,"",""
ibuprofeno,1,"Actron 400 mg x 10 C&aacute;psulas Blandas","","",unknown,"",""
ibuprofeno,1,"Dolorub 5 % x 60 g Crema T&oacute;pica","","",unknown,"",""
ibuprofeno,1,"Algiasol Forte 200 mg/5 mL x 100 mL Suspensi&oacute;n Oral","","",unknown,"",""
ibuprofeno,1,"Actron RA 200 mg x 10 C&aacute;psulas Blandas","","",unknown,"",""
ibuprofeno,1,"Dolorub 5 % x 45 g Crema Topica","","",unknown,"",""
ibuprofeno,1,"Ibuprofeno 400 mg x 20","","",unknown,"","ibuprofeno"
ibuprofeno,1,"Ibuprofeno 600 mg  x 20","","",unknown,"","ibuprofeno"
ibuprofeno,1,"Ibuprofeno Jarabe 200 mg /...","","",unknown,"","ibuprofeno"
ibuprofeno,1,"Actron 600 Mg 10 Cap blandas","","",unknown,"",""
ibuprofeno,1,"Actron RA 200 mg. 10...","","",unknown,"",""
ibuprofeno,1,"DorAliv 600 Mg 20 Caps....","","",unknown,"",""
ibuprofeno,1,"DorAliv 600 mg x 10...","","",unknown,"",""
ibuprofeno,1,"Finagrip 10 Comp. Recubiertos","","",unknown,"",""
ibuprofeno,1,"Actron (ibuprofeno) 200mg 10  Cápsulas","","Actron",name,"","ibuprofeno"
ibuprofeno,1,"Tapsin Duo (B) Paracetamol / Ibuprofeno 12 Comprimidos Recubiertos","Tapsin","Tapsin",structured,"",""
ibuprofeno,1,"Actron (R) Ibuprofeno 400mg 10 Cápsulas Blandas","Actron","Actron",structured,"","ibuprofeno"
ibuprofeno,1,"DorAliv (B) Ibuprofeno 400mg 10 Cápsulas Blandas","Notts","Notts",structured,"","ibuprofeno"
ibuprofeno,1,"Ibuprofeno Actron  200 mg RA (R) 10 Cápsulas Blandas","Actron","Actron",structured,"","ibuprofeno"
ibuprofeno,1,"Kitadol Duo Ibuprofeno / Paracetamol 10 Comprimidos Recubiertos","Kitadol Duo","Kitadol Duo",structured,"",""
ibuprofeno,1,"DorAliv (B) Ibuprofeno 400mg 20 Cápsulas Blandas","Notts","Notts",structured,"","ibuprofeno"
ibuprofeno,1,"Ibuprofeno 200mg Jarabe 120ml","Ibuprofeno","",unknown,"","ibuprofeno"
ibuprofeno,1,"IbuAliv Forte Ibuprofeno 200mg/5ml Jarabe 100ml","Notts","Notts",structured,"","ibuprofeno"
ibuprofeno,1,"Ipson Forte Infantil Ibuprofeno 120ml","Ipson Forte Pediatrico","Ipson Forte Pediatrico",structured,"","ibuprofeno"
ibuprofeno,1,"Actron Ibuprofeno 600mg 10 Cápsulas Blandas","Actron","Actron",structured,"","ibuprofeno"
ibuprofeno,1,"Ipson Infantil Ibuprofeno 120ml","Ipson","Ipson",structured,"","ibuprofeno"
ibuprofeno,1,"Deucodol Forte Ibuprofeno 200mg/5ml Jarabe 120ml","Deucodol","Deucodol",structured,"","ibuprofeno"
ibuprofeno,1,"DorAliv (B) Ibuprofeno 600mg 10 Cápsulas Blandas","Notts","Notts",structured,"","ibuprofeno"
ibuprofeno,1,"Actron (R) Ibuprofeno 400mg 20 Cápsulas Blandas","Actron","Actron",structured,"","ibuprofeno"
ibuprofeno,1,"Niofen Forte Ibuprofeno 200mg/5ml Jarabe 120ml","Niofen Forte","Niofen Forte",structured,"","ibuprofeno"
ibuprofeno,1,"Actron (R) Ibuprofeno 600mg 20 Cápsulas Blandas","Actron 600","Actron 600",structured,"","ibuprofeno"
ibuprofeno,1,"Doraliv (B) Ibuprofeno 600mg 20 Cápsulas Blandas","Notts","Notts",structured,"","ibuprofeno"
ibuprofeno,1,"Pironal Flu Forte Ibuprofeno / Pseudoefedrina Jarabe 100ml","Pironal","Pironal",structured,"",""
losartan,3,"Losartan Potasico 50 mg 30 Comprimidos","","",unknown,"","losartan"
losartan,4,"Losartan 100 Mg X 30 Comp...","","",unknown,"","losartan"
losartan,1,"Lopren Losartan Potasico 50 mg 30 Comprimidos Recubiertos","","Lopren",name,"","losartan"
losartan,2,"Corodin 50 mg x 30 Comprimidos Recubiertos","","",unknown,"",""
losartan,2,"Cozaar 100 mg x 30 Comprimidos Recubiertos","","",unknown,"",""
losartan,3,"Cozaar 50 mg x30com","","",unknown,"",""
losartan,1,"Corodin Losartan Potasico 100 mg 30 Comprimidos","","Corodin",name,"","losartan"
losartan,2,"Losapres 100 mg x 30 Comprimidos Recubiertos","","",unknown,"",""
losartan,2,"Losapres 50 mg x 30 Comprimidos Recubiertos","","",unknown,"",""
losartan,2,"Hyzaar Forte Losartan 100 mg 30 Comprimidos","","Hyzaar",name,"","losartan"
losartan,2,"Simperten-D Losartan 100 mg 30 Comprimidos Recubierto","","SimpertenD",name,"","losartan"
losartan,2,"Simperten-D Losartan 50 mg 30 Comprimidos Recubierto","","SimpertenD",name,"","losartan"
losartan,1,"Hyzaar Losartan / Hidroclorotiazida 50 mg / 12,5 mg 30 Comprimidos","","",unknown,"",""
losartan,2,"Losapres-D 100 mg/25 mg x 30 Comprimidos Recubiertos","","",unknown,"",""
losartan,3,"Losartan Potasico 100 mg x30com. (Opko)","Opko","",unknown,"Opko","losartan"
losartan,3,"Losartan Potásico 50 mg x 30 Comprimidos","ASCEND","",unknown,"Ascend","losartan"
losartan,1,"Simperten-D 100/25 losartan 100 mg hidroclorotiazida 25 mg 30 comprimidos recubiertos","TEVA","SimpertenD",name,"Teva","losartan"
losartan,2,"Losartan Potásico 50 mg x 30 Comprimidos ""Ley Cenabast""","OPKO","",unknown,"Opko","losartan"
losartan,2,"Losartan Potásico 50 mg x 30 comprimidos","CHILE","",unknown,"Chile","losartan"
losartan,2,"Losartán Potásico 100 mg x 30 comprimidos","CHILE","",unknown,"Chile","losartan"
losartan,1,"Simperten D 100/25 x 30 comprimidos recubiertos","Laboratorio Chile","",unknown,"Laboratorio Chile",""
losartan,1,"Losartan Potasico 50 mg x30com. (Eurofarma)","Eurofarma","",unknown,"Eurofarma","losartan"
losartan,1,"Losartan Potasico 50 mg x 30 comprimidos. (Seven Pharma)","Seven Pharma","",unknown,"Seven Pharma","losartan"
losartan,1,"Losartan Potasico 50 mg x30com. (Hospifarma)","Hospifarma","",unknown,"Hospifarma","losartan"
losartan,1,"Losartan Potasico 50 mg x30com. (Mintlab)","Mintlab","",unknown,"Mintlab","losartan"
losartan,1,"Losartan Hidroclorotiazida 50/12,5mg x 30 comprimidos. (Opko)","Ascend","",unknown,"Ascend",""
losartan,1,"Losartan Potasico 100 mg x 30 comprimidos. (Ascend)","Ascend","",unknown,"Ascend","losartan"
losartan,1,"Losartan Hidroclorotiazida 100/25mg x30com (Eurofarma)","Eurofarma","",unknown,"Eurofarma",""
losartan,1,"Losartan Hidroclorotiazida 50/12,5 x30com (Eurofarma)","Eurofarma","",unknown,"Eurofarma","losartan"
losartan,1,"Losartan Hidroclorotiazida 50/12,5mg x30com (Hospifarma)","Hospifarma","",unknown,"Hospifarma",""
losartan,1,"Hyzaar 50/12,5mg x30com","","",unknown,"",""
losartan,1,"Losartan Potásico + Hidroclorotiazida 50 mg / 12.5 mg x 30 comprimidos","ASCEND","",unknown,"Ascend",""
losartan,1,"Losapres-D 100 / 25 mg x 30 comprimidos","Megalabs","",unknown,"Megalabs",""
losartan,1,"Losartán Potásico 100 mg x 30 comprimidos recubiertos ""Ley Cenabast""","SEVEN PHARMA","",unknown,"Seven Pharma","losartan"
losartan,1,"Losapres 100 mg x 30 comprimidos","PHARMA INVESTI","",unknown,"Pharma Investi",""
losartan,1,"Losartán Potásico / Hidroclorotiazida 50 mg / 12,5 mg x 30 comprimidos","OPKO","",unknown,"Opko",""
losartan,2,"Losartan Potásico + Hidroclorotiazida 50 mg/12.5 mg x 30 comp.","","",unknown,"",""
losartan,1,"Losartan + Hidroclorotiazida 100/25 x 30 Comp Eurofarma","","",unknown,"",""
losartan,1,"Hyzaar 50 mg/12.5 mg x 30 Comprimidos Recubiertos","","",unknown,"",""
losartan,1,"Losapres-D 50 mg/12.5 mg x 30 Comprimidos Recubiertos","","",unknown,"",""
losartan,1,"Tellmi Am 80/10 Mg 30 Comprimidos","","",unknown,"",""
losartan,1,"Iltuxam HCT 40/5/25 mg (28 comprimidos)","","",unknown,"",""
losartan,1,"Iltuxam HCT 20/5/12,5 mg (28 comprimidos)","","",unknown,"",""
losartan,1,"Cordiax AM 80 mg/10 mg x 40 Comprimidos","","",unknown,"",""
losartan,1,"Losartan +...","","",unknown,"","losartan"
losartan,1,"Losartan 50 mg 30...","","",unknown,"","losartan"
losartan,1,"Losartan Potasico 100 Mg 30...","","",unknown,"","losartan"
losartan,1,"Hyzaar Forte 100/25 mg 30...","","",unknown,"",""
losartan,1,"Simperten-D 100/25 mg. 30...","","",unknown,"",""
losartan,1,"Losartán/hidroclorotiazida 50/ 12,5 Mg X 30 Comprimidos","","",unknown,"",""
losartan,1,"Lorsartán Potásico / Hidroclorotiazida 50/12.5 30 Comprimidos Recubiertos","Lorsartán Potásico/Hidroclorotiazida ","",unknown,"",""
losartan,1,"Corodin (B) Losartán Potásico 100mg 30 Comprimidos Recubiertos","Corodin","Corodin",structured,"","losartan"
losartan,1,"Losapres (B) Losartán 100mg 30 Comprimidos Recubiertos","Losapres","Losapres",structured,"","losartan"
losartan,1,"Corodin (B) Losartán Potásico 50mg 30 Comprimidos Recubiertos","Corodin","Corodin",structured,"","losartan"
losartan,1,"Losapres D 50/12.5 Losartan / Hidroclorotiazida 30 Comprimidos Recubiertos","Losapres D","Losapres D",structured,"",""
losartan,1,"Simperten-D 50/12.5 Hidroclorotiazida / Losartan 30 Comprimidos Recubiertos","Simperten-D","Simperten-D",structured,"",""
losartan,1,"Losapres (B) Losartán 50mg 30 Comprimidos Recubiertos","Losapres ","Losapres",structured,"","losartan"
losartan,1,"Losapres D 100/25 Losartán / Hidroclorotiazida 30 Comprimidos Recubiertos","Losapres","Losapres",structured,"",""
losartan,1,"Hyzaar Losartán Potásico / Hidroclorotiazida 30 Comprimidos Recubiertos","Hyzaar","Hyzaar",structured,"",""
losartan,1,"Hyzaar Forte Hidroclorotiazida / Losartán 30 Comprimidos Recubiertos","Hyzaar","Hyzaar",structured,"",""
losartan,1,"Cozaar (R) Losartán 50mg 30 Comprimidos Recubiertos","Cozaar","Cozaar",structured,"","losartan"
losartan,1,"Cozaar (R) Losartán 100mg 30 Comprimidos Recubiertos","Cozaar","Cozaar",structured,"","losartan"
omeprazol,3,"Omeprazol 20 mg. x 60 cap....","","",unknown,"",""
omeprazol,4,"Omeprazol 20 mg x 30 cap...","","",unknown,"",""
omeprazol,1,"Lomex 20 Mg X 28 Caps","","",unknown,"",""
omeprazol,3,"Omeprazol 20 mg x 30 capsulas","ASCEND","",unknown,"Ascend",""
omeprazol,2,"Esomeprazol 40 mg x 30 comprimidos","OPKO","",unknown,"Opko",""
omeprazol,2,"Esomeprazol 20 mg x 30 comprimidos","OPKO","",unknown,"Opko",""
omeprazol,1,"Esomeprazol 20 mg 30 cápsulas con gránulos con recubrimiento entérico","ASCEND","",unknown,"Ascend",""
omeprazol,1,"Esomeprazol 40 mg 30 cápsulas con gránulos con recubrimiento entérico","ASCEND","",unknown,"Ascend",""
omeprazol,1,"Flectane naproxeno 500 mg esomeprazol 20 mg 30 comprimidos con recubrimiento entérico","SANITAS","Flectane",name,"Sanitas","naproxeno"
omeprazol,1,"Omeprazol 20 mg x 30 cápsulas. (Curae Spring)","CuraeSpring","",unknown,"CuraeSpring",""
omeprazol,2,"Omeprazol 20 mg x 30 cápsulas","CHILE","",unknown,"Chile",""
omeprazol,1,"Zomel 40 mg x 30 comprimidos.","","",unknown,"",""
omeprazol,1,"Zomel 20 mg x 30 comprimidos.","","",unknown,"",""
omeprazol,1,"Omeprazol 20 mg x 60 cápsulas. (Curae Spring)","CuraeSpring","",unknown,"CuraeSpring",""
omeprazol,2,"Omeprazol 20 mg x 60 cápsulas","Opko","",unknown,"Opko",""
omeprazol,2,"Omeprazol 20 mg x 60 capsulas","Ascend","",unknown,"Ascend",""
omeprazol,1,"Omeprazol 40 mg/10 ml. Inyectable x 1 Frasco Ampolla (Hospifarma)","Hospifarma","",unknown,"Hospifarma",""
omeprazol,1,"Omeprazol 40 mg Inyectable x 10 Frasco Ampolla (Vitalis)","Vitalis","",unknown,"Vitalis",""
omeprazol,1,"Omeprazol 20mg x60cap. (Chile)","Laboratorio Chile","",unknown,"Laboratorio Chile",""
omeprazol,2,"Omeprazol 20 mg x 30 cápsulas","OPKO","",unknown,"Opko",""
omeprazol,1,"Esomeprazol 40 mg x 30 comp. recubrimiento entérico DESCUENTO","","",unknown,"",""
omeprazol,2,"Esomeprazol 20 mg x 30 caps...","","",unknown,"",""
omeprazol,2,"Omeprazol 20 mg x 60...","","",unknown,"",""
omeprazol,1,"LOMEX Omeprazol 20 mg 28 c&aacute;psulas","","",unknown,"",""
omeprazol,1,"Obexol 37,7 mg x 30 C&aacute;psulas","","",unknown,"",""
omeprazol,1,"Omeprazol 20 mg x 30...","","",unknown,"",""
omeprazol,1,"Esomeprazol  20 mg x 30...","","",unknown,"",""
omeprazol,1,"Esomeprazol 20 Mg 30...","","",unknown,"",""
omeprazol,1,"Lomex (B) Omeprazol 20mg 28 Capsulas Prolongadas","Lomex","Lomex",structured,"",""
amoxicilina,1,"Zolimax Duo 875/125 Amoxicilina 875 mg 14 Comprimidos","","Zolimax",name,"","amoxicilina"
amoxicilina,1,"Zolimax Duo 875/125 Amoxicilina 875 mg 20 Comprimidos","","Zolimax",name,"","amoxicilina"
amoxicilina,2,"Clavam Duo 875 mg/125 mg x 20 Comprimidos Recubiertos","","",unknown,"",""
amoxicilina,2,"Clavam Duo 875 mg/125 mg x 14 Comprimidos Recubiertos","","",unknown,"",""
amoxicilina,4,"Amoxicilina 500 mg 21 Cápsulas","","",unknown,"","amoxicilina"
amoxicilina,4,"Amoxicilina 750 Mg 10 Comp...","","",unknown,"","amoxicilina"
amoxicilina,2,"Amoxicilina 500 mg + Acido Clavulánico 125 mg 20 Comprimidos","","",unknown,"",""
amoxicilina,1,"Moxivulan 875/125 Amoxicilina 875 mg Ácido Clavulánico 125 mg 14 Comprimidos Recubiertos","","Moxivulan",name,"","amoxicilina"
amoxicilina,2,"Amoxicilina 250 mg/5mL Jarabe 60 mL","","",unknown,"","amoxicilina"
amoxicilina,1,"Amoxicilina 500 mg/5ml Polvo para Suspensi&oacute;n Oral Fco. 60 ml OPKO CHILE S.A.","","",unknown,"","amoxicilina"
amoxicilina,2,"Optamox 875 mg x 14 Comprimidos Recubiertos","","",unknown,"",""
amoxicilina,1,"Novamox Amoxicilina 1000 mg 20 Comprimidos","","Novamox",name,"","amoxicilina"
amoxicilina,2,"Maximox 875 mg/125 mg x 20 Comprimidos Recubiertos","","",unknown,"",""
amoxicilina,1,"Maximox Amoxicilina 875 mg 14 Comprimidos Recubierto","","Maximox",name,"","amoxicilina"
amoxicilina,2,"Novamox 1 g x 14 Comprimidos Dispersables","","",unknown,"",""
amoxicilina,2,"Amobiotic Amoxicilina 1000 mg 14 Comprimidos","","Amobiotic",name,"","amoxicilina"
amoxicilina,1,"Amobiotic Amoxicilina 1000 mg 20 Comprimidos","","Amobiotic",name,"","amoxicilina"
amoxicilina,3,"Amoval Amoxicilina 500 mg 21 Comprimidos","","Amoval",name,"","amoxicilina"
amoxicilina,1,"Amoval Amoxicilina 1000 mg 20 Comprimidos","","Amoval",name,"","amoxicilina"
amoxicilina,2,"AMOVAL Amoxicilina 1 g 14 comprimidos","","AMOVAL",name,"","amoxicilina"
amoxicilina,2,"Amoval Amoxicilina 750 mg 21 Comprimidos","","Amoval",name,"","amoxicilina"
amoxicilina,1,"Clavinex Duo CD Amoxicilina 875 mg 20 Comprimidos","","Clavinex",name,"","amoxicilina"
amoxicilina,1,"Clavinex Duo CD Amoxicilina 875 mg 14 Comprimidos","","Clavinex",name,"","amoxicilina"
amoxicilina,2,"Optamox Amoxicilina 875 mg 21 Comprimidos","","Optamox",name,"","amoxicilina"
amoxicilina,1,"Amoxicilina 875 mg ácido clavulánico 125 mg 14 comprimidos recubiertos","OPKO","",unknown,"Opko","amoxicilina"
amoxicilina,1,"Amoxicilina 500 mg 21 cápsulas","OPKO","",unknown,"Opko","amoxicilina"
amoxicilina,1,"Amoxicilina 750 mg 10 comprimidos","MILAB","",unknown,"Milab","amoxicilina"
amoxicilina,1,"Novamox amoxicilina 1 g 14 comprimidos dispersables","PASTEUR","Novamox",name,"Pasteur","amoxicilina"
amoxicilina,1,"Amoxicilina 500 mg ácido clavulánico 125 mg 20 comprimidos recubiertos","ASCEND","",unknown,"Ascend","amoxicilina"
amoxicilina,1,"Optamox amoxicilina 875 mg 21 comprimidos recubiertos","MEGALABS","Optamox",name,"Megalabs","amoxicilina"
amoxicilina,1,"Amoxicilina 500 mg/5 mL polvo para suspensión oral 60 mL","OPKO","",unknown,"Opko","amoxicilina"
amoxicilina,1,"Amoxicilina 400 mg ácido clavulánico 57 mg polvo para suspensión oral 70 mL","SEVEN PHARMA","",unknown,"Seven Pharma","amoxicilina"
amoxicilina,1,"Amoxicilina 250 mg/5 mL polvo para suspensión oral 60 mL","HOSPIFARMA","",unknown,"Hospifarma","amoxicilina"
amoxicilina,1,"Clavam Duo amoxicilina 400 mg ácido clavulánico 57 mg polvo para suspensión oral 70 mL","EUROFARMA","Clavam",name,"Eurofarma","amoxicilina"
amoxicilina,1,"Amoxicilina 250 mg 500 cápsulas","DR. SIMI","",unknown,"Dr. Simi","amoxicilina"
amoxicilina,1,"Amoxicilina Acido Clavulanico 875/125mg x 20 comprimidos. (CuraeSpring)","CuraeSpring","",unknown,"CuraeSpring",""
amoxicilina,1,"Amoxicilina Acido Clavulanico 500/125 x 20 comprimidos (Ascend)","Ascend","",unknown,"Ascend","amoxicilina"
amoxicilina,1,"Amoxicilina 500 mg x 21 cápsulas. (Mintlab)","Mintlab","",unknown,"Mintlab","amoxicilina"
amoxicilina,1,"Amoxicilina Acido Clavulanico 400/57mg Suspensión oral 70ml (Seven Pharma)","Seven Pharma","",unknown,"Seven Pharma",""
amoxicilina,1,"Amoxicilina Acido Clavulanico 400/57mg Suspensión oral 70ml (Hospifarma)","Hospifarma","",unknown,"Hospifarma",""
amoxicilina,3,"Amoval 1 gramo x 14 comprimidos dispersables.","","",unknown,"",""
amoxicilina,1,"Amobiotic 1 g. x 14 comprimidos.","Laboratorio Chile","",unknown,"Laboratorio Chile",""
amoxicilina,3,"Amoval Amoxicilina 1gr 20 Comprimidos","","Amoval",name,"","amoxicilina"
amoxicilina,2,"Amoval 250mg/5ml jarabe 100ml","","",unknown,"",""
amoxicilina,1,"Clavinex Duo Forte 800/57 suspensión oral 35 ml.","","",unknown,"",""
amoxicilina,2,"Amoval Duo 400mg/5ml solucion oral 70ml","","",unknown,"",""
amoxicilina,1,"Amoval Duo 1000mg/5ml solución oral x 90 ml.","Saval","",unknown,"Saval",""
amoxicilina,1,"Clavinex Duo 400/57 solución oral x 35 ml.","","",unknown,"",""
amoxicilina,1,"Optamox 875mg x21com","Pharma Investi","",unknown,"Pharma Investi",""
amoxicilina,1,"Optamox 875 mg x 14 comprimidos","Pharma Investi","",unknown,"Pharma Investi",""
amoxicilina,1,"Medoclav 875/125 x 14 comprimidos. (Pharmatech)","Pharmatech","",unknown,"Pharmatech",""
amoxicilina,1,"Ambilan BID 875/125mg x 20 comprimidos.","Laboratorio Chile","",unknown,"Laboratorio Chile",""
amoxicilina,1,"Clavinex Duo CD 875/125 x 14 comprimidos.","","",unknown,"",""
amoxicilina,1,"Amoxicilina + Ácido Clavulánico 875 mg / 125 mg x 20 comprimidos","CuraeSpring","",unknown,"CuraeSpring",""
amoxicilina,1,"Amoxicilina 500 mg + Acido Clavulánico 125 mg x 20 Comp","CURAESPRING","",unknown,"Curaespring",""
amoxicilina,1,"Amoxicilina + Ácido Clavulánico 500 mg / 125 mg x 20 comprimidos","ASCEND","",unknown,"Ascend",""
amoxicilina,1,"Amoxicilina 500 mg x 21 comprimidos","Curae Spring","",unknown,"Curae Spring","amoxicilina"
amoxicilina,1,"Amoxicilina + Ácido Clavulánico 875 mg / 125 mg x 20 comprimidos","ASCEND","",unknown,"Ascend",""
amoxicilina,1,"Maximox Amoxicilina 875 mg/Ac. Clavulánico 125 mg x 20 comprimidos","PASTEUR","Maximox",name,"Pasteur","amoxicilina"
amoxicilina,1,"Amoxicilina 750 mg x 10 comprimidos","MINTLAB","",unknown,"Mintlab","amoxicilina"
amoxicilina,1,"Amoxicilina 500 mg  x 21 Capsulas","DFM Pharma","",unknown,"DFM Pharma","amoxicilina"
amoxicilina,1,"Amoval Amoxicilina 250 mg/5ml Suspensión x 100 mL DESCUENTO","","Amoval",name,"","amoxicilina"
amoxicilina,1,"Amoval 500 mg/5 mL x 100 mL Polvo Para Suspensi&oacute;n Oral Con Solvente","","",unknown,"",""
amoxicilina,1,"Maximox 400/57 Amoxicilina 57 mg/5mL Suspensión 70 mL","","Maximox",name,"","amoxicilina"
amoxicilina,1,"Amoxicilina Acido Clavulanico 400/57mg Suspensión oral 70ml","","",unknown,"",""
amoxicilina,1,"Novamox amoxicilina 1gr 14 comprimidos dispersables Pasteur DESCUENTO","","Novamox",name,"","amoxicilina"
amoxicilina,2,"Amoxicilina 875mg/acido Clavulanico 125mg 20 Comprimidos","","",unknown,"",""
amoxicilina,2,"Amoxicilina / Acido Clavulánico (B) 500/125 20 Comprimidos Recubiertos","Amoxicilina+Clavulanico","",unknown,"",""
amoxicilina,1,"Clavinex Duo Forte Amoxicilina 70ml susp oral DESCUENTO","","Clavinex",name,"","amoxicilina"
amoxicilina,1,"Clavinex duo forte amoxicilina 800mg ácido clavulánico 57mg 100ml DESCUENTO","","Clavinex",name,"","amoxicilina"
amoxicilina,1,"Amoxicilina / Ácido Clavulánico 250/62,5 Polvo Para Suspensión Oral","","",unknown,"",""
amoxicilina,2,"Amoxicilina 500mg/5ml 60 Ml...","","",unknown,"","amoxicilina"
amoxicilina,1,"Amoxicilina 250 mg/5 ml 60 ml (CuraeSpring)","","",unknown,"","amoxicilina"
amoxicilina,1,"Amobiotic Bid 1000 Con Solvente Amoxicilina 1000mg/ 5 ml 90 Ml","","Amobiotic",name,"","amoxicilina"
amoxicilina,1,"Clavinex Duo Amoxicilina 400 Mg / Acido Clavulánico 57 mg 70 Ml","","",unknown,"",""
amoxicilina,1,"Synulox (Amoxicilina 200mg-Ácido clauvuláncio 50mg) **Uso Veterinario**","","Synulox",name,"","amoxicilina"
amoxicilina,1,"Maximox 400 mg/57 mg x 70 mL Polvo Para Suspensi&oacute;n Oral Con Solvente","","",unknown,"",""
amoxicilina,1,"Clavam Duo 400 mg/57 mg/5 mL x 70 mL Polvo para Suspensi&oacute;n Oral","","",unknown,"",""
amoxicilina,1,"Ambilan Bid 400/57 Suspensi&oacute;n Oral 70 mL","","",unknown,"",""
amoxicilina,1,"Ambilan Bid 875/125 20 Comprimidos Recubiertos","","",unknown,"",""
amoxicilina,1,"Amoval Duo 800 mg/5 mL x 70 mL Polvo Para Suspensi&oacute;n Oral","","",unknown,"",""
amoxicilina,2,"Amoval Duo (amoxicilina) 1000mg/5ml Jarabe X50 Ml","","Amoval",name,"","amoxicilina"
amoxicilina,1,"Zomel HP Triterapia 1 g/500 mg/20 mg 14 Blister","","",unknown,"",""
amoxicilina,1,"Amoval Duo 1000 mg/5 mL x 90 mL Polvo Para Suspensi&oacute;n Oral Con Solvente","","",unknown,"",""
amoxicilina,1,"Amoxicilina + Ac...","","",unknown,"","amoxicilina"
amoxicilina,1,"Amoxicilina + Acido...","","",unknown,"",""
amoxicilina,1,"Amoxicilina 250 mg/5ml 60...","","",unknown,"","amoxicilina"
amoxicilina,1,"Amoxicilina 250mg/5ml x 60 ml","","",unknown,"","amoxicilina"
amoxicilina,1,"Amoxicilina 500 mg 21 Caps....","","",unknown,"","amoxicilina"
amoxicilina,1,"Amoxicilina 250 Mg/5 Ml Jarabe X 60 Ml","","",unknown,"","amoxicilina"
amoxicilina,1,"Amobiotic (amoxicilina) 1gr 14 Comprimidos Dispersables","","Amobiotic",name,"","amoxicilina"
amoxicilina,1,"Amoval Duo (amoxicilina) 1000mg/5ml Suspensión Oral 90ml","","Amoval",name,"","amoxicilina"
amoxicilina,1,"Ambilan Bid Forte (amoxicilina/clavulanico) 800/57mg Susp Oral 90ml","","",unknown,"",""
amoxicilina,1,"Ambilan Bid (amoxicilina/clavulanico) 875/125mg 20 Comprimidos","","",unknown,"",""
amoxicilina,1,"Ambilan Bid (amoxicilina/clavulanico) 875/125mg 14 Comprimidos","","",unknown,"",""
amoxicilina,1,"Amoxicilina 875mg/acido Clavulanico 125mg 14 Comprimidos","","",unknown,"",""
amoxicilina,1,"Amoxicilina/Ácido Clavulánico Suspension 400/57 Mg X 70 Ml","","",unknown,"",""
amoxicilina,1,"Amoxicilina/Ácido Clavulánico 875/125 Mg X 14 Comprimidos Recubiertos","","",unknown,"",""
amoxicilina,1,"Amoxicilina/Ácido Clavulánico 875/125 Mg X 20 Comprimidos Recubiertos","","",unknown,"",""
amoxicilina,1,"Amoxicilina / Ácido Clavulánico (B) 875/125 14 Comprimidos Recubiertos","Amoxicilina / Ácido Clavulánico","",unknown,"",""
amoxicilina,1,"Maximox (B) 875/125 Amoxicilina / ícido Clavulánico 14 Comprimidos Recubiertos","Maximox","Maximox",structured,"","amoxicilina"
amoxicilina,1,"Novamox (B) Amoxicilina 1g 14 Comprimidos","Novamox","Novamox",structured,"","amoxicilina"
amoxicilina,1,"Amoval Amoxicilina 1g 14 Comprimidos Dispersables","Amoval","Amoval",structured,"","amoxicilina"
amoxicilina,1,"Moxivulan Ácido Clavulánico 125mg Amoxicilina 875mg 14 Comprimidos Recubiertos","Moxivulan","Moxivulan",structured,"","clavulanico"
amoxicilina,1,"Maximox (B) 875/125 Amoxicilina / ícido Clavulánico 20 Comprimidos Recubiertos","Maximox","Maximox",structured,"","amoxicilina"
amoxicilina,1,"Novamox (B) Amoxicilina 1g 20 Comprimidos","Novamox","Novamox",structured,"","amoxicilina"
amoxicilina,1,"Clavam Duo (B) Amoxicilina / ícido Clavulánico 875/125 14 Comprimidos Recubiertos","Clavam Duo","Clavam Duo",structured,"","amoxicilina"
amoxicilina,1,"Ambilan Bid Forte Amoxicilina / Ácido Clavulánico Suspensión Oral 70ml","Ambilan Bid","Ambilan Bid",structured,"",""
amoxicilina,1,"Clavam Duo (B) Amoxicilina / ícido Clavulánico 875/125 20 Comprimidos Recubiertos","Clavam Duo","Clavam Duo",structured,"","amoxicilina"
amoxicilina,1,"Ambilan Bid Forte Amoxicilina / Ácido Clavulánico Suspensión Oral 90ml","Ambilan Bid","Ambilan Bid",structured,"",""
amoxicilina,1,"Amoval (B) Amoxicilina 750mg 21 Comprimidos Recubiertos","Amoval","Amoval",structured,"","amoxicilina"
amoxicilina,1,"Clavinex Duo CD Amoxicilina / Ácido Clavulánico 14 Comprimidos Dispersables","Clavinex Duo","Clavinex Duo",structured,"",""
diclofenaco,1,"Diclofenaco Diclofenaco Sodico 12,5 mg 5 Supositorios","","",unknown,"","diclofenaco"
diclofenaco,3,"Diclofenaco Sodico 75 mg x 5 Ampollas","","",unknown,"","diclofenaco"
diclofenaco,1,"Diclofenaco Sódico Adulto 50 mg 5 Supositorios","","",unknown,"","diclofenaco"
diclofenaco,1,"Diclofenaco Dietilamonio 1,16% Gel Tópico 30 gr","","",unknown,"","diclofenaco"
diclofenaco,2,"Diclofenaco Sódico 100mg x 8 Comprimidos (Curaespring)","","",unknown,"","diclofenaco"
diclofenaco,1,"Merpal Diclofenaco Dietilamonio 1% Gel Tópico 60 gr","","Merpal",name,"","diclofenaco"
diclofenaco,1,"Pro-Lertus Diclofenaco Colestiramina 140 mg 10 Cápsulas","","ProLertus",name,"","diclofenaco"
diclofenaco,1,"Merpal Diclofenaco Potasico 15 mg/ml Gotas 20 mL","","Merpal",name,"","diclofenaco"
diclofenaco,1,"Promerpal Diclofenaco Colestiramina 140 mg 10 Cápsulas","","Promerpal",name,"","diclofenaco"
diclofenaco,1,"Lertus-Sr Diclofenaco Sodico 75 mg 10 Comprimidos","","LertusSr",name,"","diclofenaco"
diclofenaco,2,"Oftic 0.1% solucion oftalmica 10 ml.","","",unknown,"",""
diclofenaco,2,"3-A Ofteno (Diclofenaco) 0,1% Sol. Oftalmica 5ml","","Ofteno",name,"","diclofenaco"
diclofenaco,2,"Lertus Diclofenaco Sodico 75 mg 5 Ampollas de 3 mL","","Lertus",name,"","diclofenaco"
diclofenaco,1,"Diclofenaco Sodico/Tramadol Clorhidrato 25-25 Comprimidos","","",unknown,"",""
diclofenaco,1,"Dolo Neurobionta Diclofenaco 10 unidades","","Dolo",name,"","diclofenaco"
diclofenaco,2,"Dolo Merpal Diclofenaco 50 mg 20 Cápsulas","","Dolo",name,"","diclofenaco"
diclofenaco,1,"Dolo Neurobionta Diclofenaco 50 mg 20 Comprimidos Recubiertos","","Dolo",name,"","diclofenaco"
diclofenaco,1,"Merpal Diclofenaco Dietilamonio 1,16% Spray 110 mL","","Merpal",name,"","diclofenaco"
diclofenaco,2,"Lertus Diclofenaco Sodico 25 mg 20 Comprimidos","","Lertus",name,"","diclofenaco"
diclofenaco,1,"Flector Diclofenaco Epolamina 50 mg 10 Sobres","","Flector",name,"","diclofenaco"
diclofenaco,2,"Dolodrin Diclofenaco 25 Mg / Tramadol 25 Mg 10 Comprimidos","","",unknown,"",""
diclofenaco,1,"Lertus Diclofenaco Sódico 1% Gel Tópico 60 gr","","Lertus",name,"","diclofenaco"
diclofenaco,1,"Dicogel Diclofenaco Dietilamonio 1,16% Gel Tópico 30 gr","","Dicogel",name,"","diclofenaco"
diclofenaco,2,"Lertus Retard Diclofenaco Sodico 100 mg 10 Comprimidos","","Lertus",name,"","diclofenaco"
diclofenaco,1,"Diclofenaco sódico 100 mg 8 comprimidos recubiertos de liberación prolongada","MDC","",unknown,"Mdc","diclofenaco"
diclofenaco,2,"Diclofenaco Sódico 100 mg x 8 cápsulas Liberación Prolongada","ANDROMACO","",unknown,"Andromaco","diclofenaco"
diclofenaco,1,"Diclofenaco 50 mg 5 supositorios","PASTEUR","",unknown,"Pasteur","diclofenaco"
diclofenaco,1,"Diclofenaco 12,5 mg 5 supositorios infantiles","TEVA","",unknown,"Teva","diclofenaco"
diclofenaco,2,"Diclofenaco Sódico 50 mg x 10 comprimidos. (Andromaco)","Andrómaco","",unknown,"Andrómaco","diclofenaco"
diclofenaco,1,"ProMerpal diclofenaco 140 mg 10 cápsulas de liberación prolongada","PRATER","ProMerpal",name,"Prater","diclofenaco"
diclofenaco,1,"Diclofenaco dietilamina 1,16 % gel tópico 30 g","PRATER","",unknown,"Prater","diclofenaco"
diclofenaco,2,"Lertus 25 mg x 20 comprimidos recubiertos.","Tecnofarma","",unknown,"Tecnofarma",""
diclofenaco,1,"Diclofenaco 75 mg/3 mL 5 ampollas solución inyectable","FLEXPHARMA","",unknown,"Flexpharma","diclofenaco"
diclofenaco,1,"Merpal diclofenaco  1,16 % solución tópica spray 110 mL","PRATER","Merpal",name,"Prater","diclofenaco"
diclofenaco,1,"Adorlan 25/25 diclofenaco 25 mg tramadol 25 mg 10 comprimidos","GRUNENTHAL","Adorlan",name,"Grunenthal","diclofenaco"
diclofenaco,1,"Merpal diclofenaco 15 mg/mL suspensión para gotas orales 20 mL","PRATER","Merpal",name,"Prater","diclofenaco"
diclofenaco,1,"DoloMerpal 20 cápsulas con microgránulos","PRATER","",unknown,"Prater",""
diclofenaco,1,"Diclofenaco solucion inyectable 50 mg / mL ampollas","DR. SIMI","",unknown,"Dr. Simi","diclofenaco"
diclofenaco,1,"Diclofenaco Sódico supositorios 12,5 mg x5 (Pasteur)","Pasteur","",unknown,"Pasteur","diclofenaco"
diclofenaco,1,"Diclofenaco Retard 100 mg x 8 comprimidos (CuraeSpring)","CuraeSpring","",unknown,"CuraeSpring","diclofenaco"
diclofenaco,1,"Diclofenaco Gel 1,16% x 30 gramos. (CuraeSpring)","CuraeSpring","",unknown,"CuraeSpring","diclofenaco"
diclofenaco,1,"Diclofenaco Sódico supositorios 12,5 mg x 5 unidades. (Chile)","Laboratorio Chile","",unknown,"Laboratorio Chile","diclofenaco"
diclofenaco,1,"Diclofenaco Supositorios 50 mg x 5 supositorios. (Chile)","Laboratorio Chile","",unknown,"Laboratorio Chile","diclofenaco"
diclofenaco,1,"Diclofenaco Gel 1,16% x 30 gramos. (Opko)","Opko","",unknown,"Opko","diclofenaco"
diclofenaco,1,"Diclofenaco Supositorios 50 mg x 5 unidades. (Pasteur)","Pasteur","",unknown,"Pasteur","diclofenaco"
diclofenaco,1,"Flector Sobres Parche dérmico 180 mg x 2 unidades","ITF-Labomed","",unknown,"ITF-Labomed",""
diclofenaco,1,"Merpal Dal suspensión oral 1.8mg/ml x120ml","","",unknown,"",""
diclofenaco,1,"Merpal Gel Tópico 1% x 30 gramos","","",unknown,"",""
diclofenaco,2,"Merpal Solucion spray 1.16% x 110 ml.","","",unknown,"",""
diclofenaco,1,"Flector Granulado 50mg x10sobres","ITF-Labomed","",unknown,"ITF-Labomed",""
diclofenaco,1,"Lertus 50mg x10com","Tecnofarma","",unknown,"Tecnofarma",""
diclofenaco,1,"Elitiran Gotas 15mg/ml x25ml","Mintlab","",unknown,"Mintlab",""
diclofenaco,1,"Lertus 15mg/ml Gotas x 25 ml.","Tecnofarma","",unknown,"Tecnofarma",""
diclofenaco,1,"Pro Lertus 140 mg x 10 cápsulas.","Tecnofarma","",unknown,"Tecnofarma",""
diclofenaco,1,"Pro Lertus 140 mg x 20 cápsulas.","Tecnofarma","",unknown,"Tecnofarma",""
diclofenaco,1,"Diclofenaco Sodico 75 mg x 5 Ampollas","BIOSANO","",unknown,"Biosano","diclofenaco"
diclofenaco,1,"Diclotaren (Diclofenaco) gel tópico 1,16% x 30 g","Farmoquímica del Pacífico","Diclotaren",name,"","diclofenaco"
diclofenaco,1,"Diclofenaco Sódico Gel Tópico 1% x 30 g","PASTEUR","",unknown,"Pasteur","diclofenaco"
diclofenaco,1,"Merpal Solución Tópica Spray Diclofenaco 1,16% x 110 mL","PRATER","Merpal",name,"Prater","diclofenaco"
diclofenaco,1,"Dicogel 1,16% x 30 g","MINTLAB","",unknown,"Mintlab",""
diclofenaco,1,"Diclofenaco Sódico Suspensión Gotas 1,5% x 20 mL","LAB. CHILE","",unknown,"Lab. Chile","diclofenaco"
diclofenaco,1,"Lertus Gel 1% x 60 g","TECNOFARMA","",unknown,"Tecnofarma",""
diclofenaco,1,"Diclofenaco Dietilamina gel tópico 1,16% x 30 gramos","Curae Spring","",unknown,"Curae Spring","diclofenaco"
diclofenaco,1,"Diclofenaco Dietilamina 1,16%  30g Gel Tópico (CuraSpring) DESCUENTO","","",unknown,"","diclofenaco"
diclofenaco,1,"Diclofenaco Dietilamina 1,16% gel x 60g Hospifarma","","",unknown,"","diclofenaco"
diclofenaco,2,"Diclofenaco 75 mg Inyectable x 5 Ampollas 3 ml BIOSANO","","",unknown,"","diclofenaco"
diclofenaco,1,"Diclofenaco Retard 100 mg x 8 cápsulas Opko","","",unknown,"","diclofenaco"
diclofenaco,2,"Diclofenaco Sódico 50mg x 10comp. recubrimiento entérico (Cenabast)","","",unknown,"","diclofenaco"
diclofenaco,2,"Flexfull Gel 35Gr","","",unknown,"",""
diclofenaco,1,"Diflam Diclofenaco dietilamina Gel Topico 1,16 60 Gr","","Diflam",name,"","diclofenaco"
diclofenaco,1,"Adorlan 25/25 x 10 Comprimidos (Diclofenaco/Tramadol)","","",unknown,"",""
diclofenaco,1,"Diclofenaco Gel 30g (Ascend)","","",unknown,"","diclofenaco"
diclofenaco,1,"Diclofenaco 100 X 8 Cápsulas (Laboratorio Chile)","","",unknown,"","diclofenaco"
diclofenaco,1,"Oftic Gotas Diclofenaco Sodico 0,1% Solución Oftalmológica  25ml","","Oftic",name,"","diclofenaco"
diclofenaco,1,"Artren Diclofenaco Resinato gotas 1,5 % Suspensión Oral 20 Ml","","Artren",name,"","diclofenaco"
diclofenaco,1,"LERTUS Diclofenaco Sódico 15 mg/mL 25 ML","","LERTUS",name,"","diclofenaco"
diclofenaco,1,"Diclofenaco Sodico 1.5 % x 20 ml Suspensi&oacute;n Oral para Gotas CHILE","","",unknown,"","diclofenaco"
diclofenaco,1,"Diclofenaco 50 mg x 5 Supositorios Adulto CHILE","","",unknown,"","diclofenaco"
diclofenaco,1,"Diclofenaco 12.5 mg x 5 Supositorios Infantil PASTEUR","","",unknown,"","diclofenaco"
diclofenaco,1,"Lertus 50 mg x 10 Comprimidos con Recubrimiento Ent&eacute;rico","","",unknown,"",""
diclofenaco,1,"Lertus 1 % x 60 g Gel T&oacute;pico","","",unknown,"",""
diclofenaco,1,"Lertus 15 mg/mL x 25 mL Suspensi&oacute;n Oral Para Gotas","","",unknown,"",""
diclofenaco,1,"Flectane 500 mg/20 mg x 30 Comprimidos con Recubrimiento Ent&eacute;rico","","",unknown,"",""
diclofenaco,1,"Promerpal 140 mg x 10 C&aacute;psulas de Liberaci&oacute;n Prolongada","","",unknown,"",""
diclofenaco,1,"Diclac 1,16 % x 60 g Gel T&oacute;pico","","",unknown,"",""
diclofenaco,1,"Flector 50 mg x 10 Sobres Polvo Granulado Para Solucion Oral","","",unknown,"",""
diclofenaco,1,"Coxidol 90 mg x 14 Comprimidos Recubiertos","","",unknown,"",""
diclofenaco,1,"DoloDrops 1,5 % x 25 mL Suspensi&oacute;n Oral Para Gotas","","",unknown,"",""
diclofenaco,1,"Pro Lertus 140 mg x 10 C&aacute;psulas de Liberaci&oacute;n Prolongada","","",unknown,"",""
diclofenaco,1,"Oftic 1 mg/mL x 10 mL Solucion Oftalmica","","",unknown,"",""
diclofenaco,1,"Dolo Neurobionta Diclofenaco 20 comprimidos recubiertos","","Dolo",name,"","diclofenaco"
diclofenaco,1,"Diclofenaco 100 mg x 8...","","",unknown,"","diclofenaco"
diclofenaco,1,"Diclofenaco 50 mg x 10...","","",unknown,"","diclofenaco"
diclofenaco,1,"Diclofenaco adulto...","","",unknown,"","diclofenaco"
diclofenaco,1,"Diclofenaco Dietilamina Gel...","","",unknown,"","diclofenaco"
diclofenaco,1,"Diclofenaco Gel Tópico...","","",unknown,"","diclofenaco"
diclofenaco,1,"Diclofenaco gotas 1.5% 20 ml","","",unknown,"","diclofenaco"
diclofenaco,1,"Diclofenaco infantil...","","",unknown,"","diclofenaco"
diclofenaco,1,"Diclofenaco Sodico 100 Mg 8...","","",unknown,"","diclofenaco"
diclofenaco,1,"Dolodrops (diclofenaco) Gotas 25ml","","Dolodrops",name,"","diclofenaco"
diclofenaco,1,"Diclofenaco 50mg 10 Comprimidos","Diclofenaco","",unknown,"","diclofenaco"
diclofenaco,1,"Diclofenaco (B) 100mg 8 Comprimidos Prolongados","Diclofenaco","",unknown,"","diclofenaco"
diclofenaco,1,"Diclofenaco Infantil 12.5mg 5 Supositorios","Diclofenaco","",unknown,"","diclofenaco"
diclofenaco,1,"Diclofenaco Gel 30g","Diclofenaco","",unknown,"","diclofenaco"
diclofenaco,1,"Diclofenaco Adulto 50mg 5 Supositorios","Diclofenaco","",unknown,"","diclofenaco"
diclofenaco,1,"Diclofenaco Sódico 1.5% Oral Gotas 20ml","Diclofenaco","",unknown,"","diclofenaco"
diclofenaco,1,"Promerpal Diclofenaco 140mg 10 Cápsulas Prolongadas","Promerpal","Promerpal",structured,"","diclofenaco"
diclofenaco,1,"Diclofenaco 75mg Inyectable 5 Ampollas","Turbogesic","Turbogesic",structured,"","diclofenaco"
diclofenaco,1,"Diclac Diclofenaco 1.16% Gel Tópico 60g","Diclofenaco","Diclac",name,"","diclofenaco"
diclofenaco,1,"Merpal Diclofenaco Spray 110ml","Merpal","Merpal",structured,"","diclofenaco"
diclofenaco,1,"Dolodrin Diclofenaco 25mg / Tramadol 25mg 10 Comprimidos","Dolodrin","Dolodrin",structured,"",""
diclofenaco,1,"Merpal Diclofenaco Resinato 15mg/5ml Oral Gotas 20ml","Merpal","Merpal",structured,"","diclofenaco"
diclofenaco,1,"Dolo-Neurobionta Diclofenaco 10 Comprimidos Recubiertos","Dolo-Neurobionta","Dolo-Neurobionta",structured,"","diclofenaco"
diclofenaco,1,"Dicasen 25/25 Diclofenaco / Tramadol 10 Comprimidos","Dicasen","Dicasen",structured,"",""
diclofenaco,1,"Pro-Lertus Diclofenaco Colestiramina 140mg 10 Cápsulas Prolongadas","Pro-Lertus","Pro-Lertus",structured,"","diclofenaco"
diclofenaco,1,"Adorlan 25/25 Diclofenaco / Tramadol 10 Comprimidos","Adorlan","Adorlan",structured,"",""
diclofenaco,1,"Dolo Drops Diclofenaco Resinato 1.5% Oral Gotas 25ml","Dolo-Drops","Dolo-Drops",structured,"","diclofenaco"
diclofenaco,1,"Lertus Diclofenaco Sódico 15mg/ml Oral Gotas 25ml","Lertus ","Lertus",structured,"","diclofenaco"
diclofenaco,1,"Dolo Neurobionta Diclofenaco 20 Comprimidos Recubiertos","Dolo-Neurobionta","Dolo-Neurobionta",structured,"","diclofenaco"
diclofenaco,1,"Lertus (B) Diclofenaco Sódico 75mg Inyectable 5 Ampollas","Lertus","Lertus",structured,"","diclofenaco"
diclofenaco,1,"Pro-Lertus Diclofenaco Colestiramina 140mg 20 Cápsulas Prolongadas","Pro-Lertus","Pro-Lertus",structured,"","diclofenaco"
cetirizina,2,"Remitex 10 mg x 30 Comprimidos Recubiertos","","",unknown,"",""
cetirizina,1,"Coolips Cetirizina 10 mg 10 Comprimidos Recubiertos","","Coolips",name,"","cetirizina"
cetirizina,2,"Rigotax-D  Pseudoefedrina 120 mg 30 Cápsulas Liberación Prolongada","","RigotaxD",name,"","pseudoefedrina"
cetirizina,3,"Coolips 10 mg x 30 comprimidos","","",unknown,"",""
cetirizina,1,"Zyrtec Cetirizina  1mg/mL Jarabe 60 mL","","Zyrtec",name,"","cetirizina"
cetirizina,1,"Rigotax Cetirizina Diclorhidrato 10 mg 30 Comprimidos","","Rigotax",name,"","cetirizina"
cetirizina,1,"Rigotax Cetirizina Diclorhidrato 10 mg 10 Comprimidos","","Rigotax",name,"","cetirizina"
cetirizina,2,"Zyrtec 10 mg x 30 Comprimidos Recubiertos","","",unknown,"",""
cetirizina,1,"Remitex Cetirizina 5 mg/5mL Jarabe 100 mL","","Remitex",name,"","cetirizina"
cetirizina,2,"Rigotax 5mg/5ml jarabe 60ml","","",unknown,"",""
cetirizina,1,"Rigotax Cetirizina 10 mg/ml Gotas 15 mL","","Rigotax",name,"","cetirizina"
cetirizina,3,"Cetirex 10 mg x 30 Comprimidos Recubiertos","","",unknown,"",""
cetirizina,1,"Remitex Cetirizina 10 mg/ml Gotas 15 mL","","Remitex",name,"","cetirizina"
cetirizina,1,"Findaler Cetirizina 5 mg / 5 mL Jarabe 100 mL","","Findaler",name,"","cetirizina"
cetirizina,1,"Rigotax-D Cetirizina 120 mg 10 Cápsulas","","RigotaxD",name,"","cetirizina"
cetirizina,1,"Rigotax cetirizina 10 mg 30 comprimidos recubiertos","ASCEND","Rigotax",name,"Ascend","cetirizina"
cetirizina,1,"Levocetirizina 5 mg 30 comprimidos recubiertos","SEVEN PHARMA","",unknown,"Seven Pharma","levocetirizina"
cetirizina,1,"Levorigotax levocetirizina 5 mg 30 comprimidos recubiertos","PRATER","Levorigotax",name,"Prater","levocetirizina"
cetirizina,1,"Levorigotax levocetirizina 2,5 mg/5 mL jarabe 100 mL","PRATER","Levorigotax",name,"Prater","levocetirizina"
cetirizina,1,"Levorigotax Forte levocetirizina 5 mg/5 mL jarabe 120 mL","PRATER","Levorigotax",name,"Prater","levocetirizina"
cetirizina,1,"Levorigotax levocetirizina 5 mg/mL solución oral para gotas 20 mL","PRATER","Levorigotax",name,"Prater","levocetirizina"
cetirizina,1,"Rigotax cetirizina 5 mg/5 mL solución oral 60 mL","PRATER","Rigotax",name,"Prater","cetirizina"
cetirizina,1,"Rigotax cetirizina 10 mg/mL solución oral para gotas 15 mL","PRATER","Rigotax",name,"Prater","cetirizina"
cetirizina,1,"Rigotax-D cetirizina 5 mg pseudoefedrina 120 mg 10 cápsulas con gránulos de liberación prolongada","PRATER","RigotaxD",name,"Prater","cetirizina"
cetirizina,1,"Cetirizina 10 mg x 30 comprimidos (Pasteur)","Pasteur","",unknown,"Pasteur","cetirizina"
cetirizina,1,"Remitex D x 20 comprimidos","Bagó","",unknown,"Bagó",""
cetirizina,1,"Rigotax-D x 30 cápsulas de liberación prolongada.","","",unknown,"",""
cetirizina,1,"Cetirizina 10 mg x 30 comprimidos. (CuraeSpring)","CuraeSpring","",unknown,"CuraeSpring","cetirizina"
cetirizina,1,"Cetirizina 5mg/5ml jarabe 60ml (Hospifarma) (Vence 30-07-2026)","Hospifarma","",unknown,"Hospifarma","cetirizina"
cetirizina,1,"Cetirizina 5mg/5ml jarabe 60ml (Reutter)","","",unknown,"","cetirizina"
cetirizina,1,"Cetirizina 10mg x30com (Ascend)","Ascend","",unknown,"Ascend","cetirizina"
cetirizina,1,"Cetirizina 10mg x30com (Hospifarma)","Hospifarma","",unknown,"Hospifarma","cetirizina"
cetirizina,2,"Rigotax 10 mg x 30 comprimidos","","",unknown,"",""
cetirizina,2,"Coolips 10 mg x 30 comprimidos","MINTLAB","",unknown,"Mintlab",""
cetirizina,2,"Coolips 10mg x10com","Mintlab","",unknown,"Mintlab",""
cetirizina,1,"Rigotax-D x 10 comprimidos de liberación prolongada","","",unknown,"",""
cetirizina,2,"Rigotax 10mg/ml solución oral para gotas x 15 ml.","","",unknown,"",""
cetirizina,1,"Findaler 10 mg x 30 comprimidos.","Medipharm","",unknown,"Medipharm",""
cetirizina,1,"Remitex 10mg/ml gotas x 15 ml.","Bagó","",unknown,"Bagó",""
cetirizina,1,"Findaler 5mg/5ml jarabe x 100 ml.","Medipharm","",unknown,"Medipharm",""
cetirizina,1,"Findaler 10mg/ml gotas 15ml","Eurofarma","",unknown,"Eurofarma",""
cetirizina,1,"Cetirex Cetirizina 10 Mg 30 Comprimidos Recubiertos","Ascend","Cetirex",name,"Ascend","cetirizina"
cetirizina,1,"Rigotax D x 30 cápsulas","PRATER","",unknown,"Prater",""
cetirizina,1,"Remitex-D x 20 comprimidos","BAGO","",unknown,"Bago",""
cetirizina,1,"Remitex Jarabe 5 mg / 5 mL x 100 mL","BAGO","",unknown,"Bago",""
cetirizina,1,"Remitex 10 mg x 30 comprimidos","BAGO","",unknown,"Bago",""
cetirizina,1,"Rigotax D x 10 cápsulas","PRATER","",unknown,"Prater",""
cetirizina,1,"Levocetirizina Diclorhidrato 5 mg x 30 comp. (cenabast)","","",unknown,"","levocetirizina"
cetirizina,1,"Levocetirizina 5 mg x 30 comprimidos. (Cenabast) DESCUENTO","","",unknown,"","levocetirizina"
cetirizina,1,"Levocetirizina Diclorhidrato 2,5mg/5ml solución oral x 100 ml. (Cenabast)","","",unknown,"","levocetirizina"
cetirizina,2,"Cetirizina 10 mg x 30 Comprimidos","","",unknown,"","cetirizina"
cetirizina,2,"Cetirizina Diclorhidrato 10 mg x 30 Comp. Recubiertos","","",unknown,"","cetirizina"
cetirizina,1,"Cetirizina Diclorhidrato 5 mg / 5 ml Solución Oral 60 ml","","",unknown,"","cetirizina"
cetirizina,1,"Xuzal Levocetirizina 5mg x 30 Com. Rec","","Xuzal",name,"","levocetirizina"
cetirizina,1,"Jarabe de 120ml Neoalertop Levocetirizina 2,5 mg L.Chile DESCUENTO","","",unknown,"",""
cetirizina,1,"Findaler Cetirizina Diclorhidrato 5mg/5ml x 100 mL (Eurofarma)","","Findaler",name,"","cetirizina"
cetirizina,1,"Zival Levocetirizina (2,5mg) Jarabe 120mL (Saval)","","Zival",name,"","levocetirizina"
cetirizina,1,"Neoalertop Levocetirizina 5 mg Gotas 20 Ml (Lab Chile)","","Neoalertop",name,"","levocetirizina"
cetirizina,1,"Neoalertop Levocetirizina 2,5 mg/5 ml Jarabe 120ml (Lab Chile)","","Neoalertop",name,"","levocetirizina"
cetirizina,1,"Findaler Cetirizina Diclorhidrato 10mg /ml 15 mL (Eurofarma)","","Findaler",name,"","cetirizina"
cetirizina,1,"Alerpriv Levocetirizina 2,5/5mL Jarabe 100Ml","","Alerpriv",name,"","levocetirizina"
cetirizina,1,"Alerpriv Levocetirizina 0,5% Gotas 20 ml","","Alerpriv",name,"","levocetirizina"
cetirizina,1,"Cetirizina 5 mg/5 ml x 60 ml Jarabe HOSPIFARMA CHILE LTD","","",unknown,"","cetirizina"
cetirizina,1,"Remitex 10 mg/mL x 15 mL Soluci&oacute;n Oral Para Gotas","","",unknown,"",""
cetirizina,1,"Remitex 5 mg/5 mL x 100 mL Jarabe","","",unknown,"",""
cetirizina,1,"Zyrtec 1 mg/ml x 60 ml Soluci&oacute;n Oral","","",unknown,"",""
cetirizina,1,"Rigotax 10 mg x 10 Comprimidos","","",unknown,"",""
cetirizina,1,"Findaler 5 mg/5 ml x 100 ml Jarabe","","",unknown,"",""
cetirizina,1,"Findaler 10 mg x 30 Comprimidos","","",unknown,"",""
cetirizina,1,"Rigotax 5 mg/5 mL x 60 mL Soluci&oacute;n Oral","","",unknown,"",""
cetirizina,1,"Rigotax-D x 10 C&aacute;psulas con Gr&aacute;nulos de Liberaci&oacute;n Prolongada","","",unknown,"",""
cetirizina,1,"Remitex-D x 20 Comprimidos de Liberaci&oacute;n Prolongada","","",unknown,"",""
cetirizina,1,"Rigotax-D x 30 C&aacute;psulas con Gr&aacute;nulos de Liberaci&oacute;n Prolongada","","",unknown,"",""
cetirizina,1,"Zotaban 10 mg 28 comprimidos","","",unknown,"",""
cetirizina,1,"Cetirizina 5 mg/5ml 60 ml...","","",unknown,"","cetirizina"
cetirizina,1,"Cetirizina Clorhidrato 10...","","",unknown,"","cetirizina"
cetirizina,1,"Cetirizina Diclorhidrato 10...","","",unknown,"","cetirizina"
cetirizina,1,"Cetirizina Jarabe 5mg/5ml...","","",unknown,"","cetirizina"
cetirizina,1,"Levocetirizina 5 Mg 30...","","",unknown,"","levocetirizina"
cetirizina,1,"Levocetirizina comprimidos...","","",unknown,"","levocetirizina"
cetirizina,1,"Alerpriv 2.5/5ml 100 ml","","",unknown,"",""
cetirizina,1,"Alerpriv 5mg/ml 20  ml","","",unknown,"",""
cetirizina,1,"Degraler comprimidos 5 mg x 40","","",unknown,"",""
cetirizina,1,"Cetirizina (B) 10mg 30 Comprimidos Recubiertos","Cetirizina","",unknown,"","cetirizina"
cetirizina,1,"Cetirizina 5mg/5ml Jarabe 60ml","Cetirizina","",unknown,"","cetirizina"
cetirizina,1,"Cetirex (B) Cetirizina 10mg 30 Comprimidos Recubiertos","Cetirex","Cetirex",structured,"","cetirizina"
cetirizina,1,"Rigotax (B) Cetirizina 10mg 10 Comprimidos","Rigotax","Rigotax",structured,"","cetirizina"
cetirizina,1,"Findaler (B) Cetirizina 10mg 30 Comprimidos Recubiertos","Findaler","Findaler",structured,"","cetirizina"
cetirizina,1,"Rigotax-D Cetirizina / Pseudoefedrina 5mg/120mg 10 Cápsulas Prolongadas","Rigotax","Rigotax",structured,"",""
cetirizina,1,"Rigotax (B) Cetirizina 10mg 30 Comprimidos","Rigotax","Rigotax",structured,"","cetirizina"
cetirizina,1,"Rigotax Cetirizina 5mg/5ml Jarabe 60ml","Rigotax","Rigotax",structured,"","cetirizina"
cetirizina,1,"Rigotax 10mg/ml Cetirizina Oral Gotas 15ml","Rigotax","Rigotax",structured,"",""
cetirizina,1,"Remitex (B) Cetirizina 10mg 30 Comprimidos Recubiertos","Remitex","Remitex",structured,"","cetirizina"
cetirizina,1,"Rigotax-D Cetirizina / Pseudoefedrina 5mg/120mg 30 Cápsulas Prolongadas","Rigotax","Rigotax",structured,"",""
cetirizina,1,"Remitex (B) Cetirizina 5mg/5ml Jarabe 100ml","Remitex","Remitex",structured,"","cetirizina"
cetirizina,1,"Remitex-D Cetirizina / Pseudoefedrina 20 Comprimidos Prolongados","Remitex","Remitex",structured,"",""
cetirizina,1,"Remitex (B) Cetirizina 10mg/ml Oral Gotas 15ml","Remitex","Remitex",structured,"","cetirizina"
cetirizina,1,"Zyrtec Cetirizina 1mg/ml Jarabe 60ml","Zyrtec","Zyrtec",structured,"","cetirizina"
cetirizina,1,"Zyrtec (R) Cetirizina 10mg 30 Comprimidos Recubiertos","Zyrtec","Zyrtec",structured,"","cetirizina"
