query,pharmacy,rawName,legacyMatchKey,legacyPresentationKey,v1CardKey,conceptId,presentationId,productId,offerId,activeIngredients,ingredientEvidence,concentration,concentrationKind,dosageForm,route,packageQuantity,packageVolume,packageType,brand,commercialVariant,administrationTime,manufacturer,ispRegistration,conceptResolution,conceptConfidence,presentationResolution,productResolution,canonicalName
ambroxol 30mg/5ml,araucomed,Ambroxol 30mg/5ml jarabe adulto 100 ml. (Ascend),ambroxol|100ml,ambroxol|100ml|bio:unknown|brand:ascend|form:fluid-oral,ambroxol-30mg-5ml#0,CFM-C-4jvkswt6m63yt1dit72m2vvzf,CFM-P-9lrjs2xnvh86yxpopo43idhih,CFM-M-c78sdwj7knskk27rk9cxcm1q4,CFM-O-8uiprgeomfw7hvf9lm46tanjp,ambroxol,vocabulary,conc:ratio:6mg/ml,ratio,fluid-oral,oral,,100ml,,,,,Ascend,,complete,high,isolated,isolated,ambroxol 30 mg/5 ml fluid-oral 100 ml
ambroxol 30mg/5ml,araucomed,Ambroxol 30mg/5ml Jarabe Adulto 100ml (Andromaco),ambroxol|100ml,ambroxol|100ml|bio:unknown|brand:andromaco|form:fluid-oral,ambroxol-30mg-5ml#1,CFM-C-4jvkswt6m63yt1dit72m2vvzf,CFM-P-9lrjs2xnvh86yxpopo43idhih,CFM-M-6k29h6ndr85xhlnor3g2bsep0,CFM-O-36yk3zqrl40difeshi9vlcb90,ambroxol,vocabulary,conc:ratio:6mg/ml,ratio,fluid-oral,oral,,100ml,,,,,Andrómaco,,complete,high,isolated,isolated,ambroxol 30 mg/5 ml fluid-oral 100 ml
ambroxol 30mg/5ml,ecofarmacias,Jarabe Ambroxol clorhidrato 30mg5ml 100ml (Hospifarma) DESCUENTO,ambroxol|100ml,ambroxol|100ml|bio:unknown|brand:unknown|form:fluid-oral,ambroxol-30mg-5ml#2,CFM-C-4jvkswt6m63yt1dit72m2vvzf,CFM-P-9lrjs2xnvh86yxpopo43idhih,CFM-M-c8wrzukua8vdgv5pun7fmgt0c,CFM-O-37cazkyhhvmsldwpbneu1b3wl,ambroxol,vocabulary,conc:mass:30mg,mass-only,fluid-oral,oral,,100ml,,,,,,,subsumed,medium,isolated,isolated,ambroxol 30 mg fluid-oral 100 ml
ambroxol 30mg/5ml,sermecoop,Ambroxol 30mg/5ml Jarabe 100ml,ambroxol|100ml,ambroxol|100ml|bio:unknown|brand:unknown|form:fluid-oral,ambroxol-30mg-5ml#2,CFM-C-4jvkswt6m63yt1dit72m2vvzf,CFM-P-9lrjs2xnvh86yxpopo43idhih,CFM-M-c8wrzukua8vdgv5pun7fmgt0c,CFM-O-2tgs4wbaqjxc1o03cqferyqfn,ambroxol,vocabulary,conc:ratio:6mg/ml,ratio,fluid-oral,oral,,100ml,,,,,,,complete,high,isolated,isolated,ambroxol 30 mg/5 ml fluid-oral 100 ml
ambroxol 30mg/5ml,ahumada,Ambroxol 30mg./5ml. Jarabe Fco. 100ml,ambroxol|100ml,ambroxol|100ml|bio:unknown|brand:unknown|form:fluid-oral,ambroxol-30mg-5ml#2,CFM-C-4jvkswt6m63yt1dit72m2vvzf,CFM-P-9lrjs2xnvh86yxpopo43idhih,CFM-M-c8wrzukua8vdgv5pun7fmgt0c,CFM-O-elg8rcer9t0n5jfzoc5twc3df,ambroxol,vocabulary,conc:ratio:6mg/ml,ratio,fluid-oral,oral,,100ml,frasco,,,,,,complete,high,isolated,isolated,ambroxol 30 mg/5 ml fluid-oral 100 ml
ambroxol 30mg/5ml,araucomed,Ambroxol 30mg/5ml Jarabe Adulto 100ml (Seven Pharma),ambroxol|100ml,ambroxol|100ml|bio:unknown|brand:sevenpharma|form:fluid-oral,ambroxol-30mg-5ml#3,CFM-C-4jvkswt6m63yt1dit72m2vvzf,CFM-P-9lrjs2xnvh86yxpopo43idhih,CFM-M-3tirk0bnu028tei9iu6j079y6,CFM-O-9kd9z7xe0yo74v0kbwj59r6qz,ambroxol,vocabulary,conc:ratio:6mg/ml,ratio,fluid-oral,oral,,100ml,,,,,Seven Pharma,,complete,high,isolated,isolated,ambroxol 30 mg/5 ml fluid-oral 100 ml
ambroxol 30mg/5ml,araucomed,Ambroxol 30mg/5ml Jarabe Adulto x 100 ml. (Hospifarma),ambroxol|100ml|100,ambroxol|100ml|100|bio:unknown|brand:hospifarma|form:fluid-oral,ambroxol-30mg-5ml#4,CFM-C-4jvkswt6m63yt1dit72m2vvzf,CFM-P-9lrjs2xnvh86yxpopo43idhih,CFM-M-2forbmgc25ldsrc79knn1hrvq,CFM-O-67lm26mgc3xy00teefcnuzzj8,ambroxol,vocabulary,conc:ratio:6mg/ml,ratio,fluid-oral,oral,,100ml,,,,,Hospifarma,,complete,high,isolated,isolated,ambroxol 30 mg/5 ml fluid-oral 100 ml
ambroxol 30mg/5ml,araucomed,Ambroxol 30mg/5ml Jarabe Adulto 100 ml. (Mintlab),ambroxol|100ml,ambroxol|100ml|bio:unknown|brand:mintlab|form:fluid-oral,ambroxol-30mg-5ml#5,CFM-C-4jvkswt6m63yt1dit72m2vvzf,CFM-P-9lrjs2xnvh86yxpopo43idhih,CFM-M-b21lzq3vy2ra7fwq0s4z8siy3,CFM-O-e0yjjv9lgybxeu6q84sckvqi2,ambroxol,vocabulary,conc:ratio:6mg/ml,ratio,fluid-oral,oral,,100ml,,,,,Mintlab,,complete,high,isolated,isolated,ambroxol 30 mg/5 ml fluid-oral 100 ml
ambroxol 30mg/5ml,araucomed,Ambroxol 30mg/5ml Jarabe Adulto 100ml (Opko),ambroxol|100ml,ambroxol|100ml|bio:unknown|brand:opko|form:fluid-oral,ambroxol-30mg-5ml#6,CFM-C-4jvkswt6m63yt1dit72m2vvzf,CFM-P-9lrjs2xnvh86yxpopo43idhih,CFM-M-8dc6z4scpnj9q42c3waoj3mu9,CFM-O-e41cybj7e4c5wm5dvh0lrt82k,ambroxol,vocabulary,conc:ratio:6mg/ml,ratio,fluid-oral,oral,,100ml,,,,,Opko,,complete,high,isolated,isolated,ambroxol 30 mg/5 ml fluid-oral 100 ml
ambroxol 30mg/5ml,ecofarmacias,Pazbronq Ambroxol Clorhidrato 30 Mg/ 5 Ml Jarabe 100 Ml,pazbronq|100ml,pazbronq|100ml|bio:unknown|brand:unknown|var:ambroxol|form:fluid-oral,ambroxol-30mg-5ml#9,CFM-C-4jvkswt6m63yt1dit72m2vvzf,CFM-P-9lrjs2xnvh86yxpopo43idhih,CFM-M-bgahslxz82gts5g5wmykgpxye,CFM-O-32k1gh2hkgpcnb64eecgg659o,ambroxol,vocabulary,conc:ratio:6mg/ml,ratio,fluid-oral,oral,,100ml,,Pazbronq,,,,,complete,high,isolated,isolated,Pazbronq ambroxol 30 mg/5 ml fluid-oral 100 ml
ambroxol 30mg/5ml,salcobrand,Ambroxol 30mg/5ml Jarabe 100ml,ambroxol|100ml,ambroxol|100ml|bio:unknown|brand:ambroxol|form:fluid-oral,ambroxol-30mg-5ml#11,CFM-C-4jvkswt6m63yt1dit72m2vvzf,CFM-P-9lrjs2xnvh86yxpopo43idhih,CFM-M-c8wrzukua8vdgv5pun7fmgt0c,CFM-O-b3tgfkc0i4xsd4voi4qnf5ajd,ambroxol,vocabulary,conc:ratio:6mg/ml,ratio,fluid-oral,oral,,100ml,,,,,,,complete,high,isolated,isolated,ambroxol 30 mg/5 ml fluid-oral 100 ml
ambroxol 30mg/5ml,cruz-verde,Mintamox Adulto Ambroxol 30 mg / 5 mL Jarabe 100 mL,mintamox|100ml,mintamox|100ml|bio:unknown|brand:unknown|var:ambroxol|form:fluid-oral,ambroxol-30mg-5ml#13,CFM-C-4jvkswt6m63yt1dit72m2vvzf,CFM-P-9lrjs2xnvh86yxpopo43idhih,CFM-M-6j8m7cg91lm7tv04vzl6cja0w,CFM-O-2xoviioz86qwvt7sg2qre1883,ambroxol,vocabulary,conc:ratio:6mg/ml,ratio,fluid-oral,oral,,100ml,,Mintamox,,,,,complete,high,isolated,isolated,Mintamox ambroxol 30 mg/5 ml fluid-oral 100 ml
ambroxol 30mg/5ml,cruz-verde,Muxol Jarabe Adulto Ambroxol 600 mg / 100 ml,muxol|100ml,muxol|100ml|bio:unknown|brand:unknown|var:ambroxol|form:fluid-oral,ambroxol-30mg-5ml#15,CFM-C-4jvkswt6m63yt1dit72m2vvzf,CFM-P-0dnadxz33rv3ld0m3otwlwe9i,CFM-M-bvyogfni45f0ykshaa6d1aha8,CFM-O-eg3yxbe3fi2f4qwhjp52vqq45,ambroxol,vocabulary,conc:ratio:6mg/ml,ratio,fluid-oral,oral,,,,Muxol,,,,,complete,high,ambiguous,isolated,Muxol ambroxol 600 mg/100 ml fluid-oral
ambroxol 30mg/5ml,farmex,Muxol Jarabe adulto Ambroxol 30 mg / 5 mL x 100 mL,muxol|100ml|100,muxol|100ml|100|bio:unknown|brand:eurolab|var:ambroxol|form:fluid-oral,ambroxol-30mg-5ml#16,CFM-C-4jvkswt6m63yt1dit72m2vvzf,CFM-P-9lrjs2xnvh86yxpopo43idhih,CFM-M-5zlvm6ars7vo2hznbhgd41oki,CFM-O-a9rmb4dkg8wtdbtwely8tvds5,ambroxol,vocabulary,conc:ratio:6mg/ml,ratio,fluid-oral,oral,,100ml,,Muxol,,,Eurolab,,complete,high,isolated,isolated,Muxol ambroxol 30 mg/5 ml fluid-oral 100 ml
ambroxol 30mg/5ml,salcobrand,Broncot Ambroxol 30mg/5ml 120ml,broncot|120ml,broncot|120ml|bio:unknown|brand:broncot|var:ambroxol,ambroxol-30mg-5ml#19,CFM-C-4jvkswt6m63yt1dit72m2vvzf,CFM-P-4mramxhp9hawgs1qcf0zbocnf,CFM-M-91wmfjccu3tyhjx0k9pb8ckg1,CFM-O-3f108joh1ozq8377mum14qg4h,ambroxol,vocabulary,conc:ratio:6mg/ml,ratio,,,,120ml,,Broncot,,,,,subsumed,medium,isolated,isolated,Broncot ambroxol 30 mg/5 ml 120 ml
ambroxol 30mg/5ml,salcobrand,Muxol Ambroxol 20 Comprimidos,muxol|20,muxol|20|bio:unknown|brand:muxol|var:ambroxol|form:solid-oral,ambroxol-30mg-5ml#24,CFM-C-edv9rq7avy4l4obla878xhbrm,CFM-P-agj79jo6nx8my7kr3c5jmkx5u,CFM-M-1yks35toa7zj5dsbqtszocyv6,CFM-O-5x9lnk6fbgutqpjfnxkpwffhb,ambroxol,vocabulary,conc:?,absent,solid-oral,oral,20,,,Muxol,,,,,subsumed,medium,complete,isolated,Muxol ambroxol solid-oral x 20 comprimido
ambroxol 30mg/5ml,cruz-verde,Tocalm Pediatrico Ambroxol 15 mg/5mL Jarabe 100 mL,tocalm|100ml,tocalm|100ml|bio:unknown|brand:unknown|var:infantil|form:fluid-oral,ambroxol-30mg-5ml#25,CFM-C-5f6gp3nlqjpip7xexm12gzyge,CFM-P-c4niqpisfy790mlc46mfxu4xg,CFM-M-af1kp3i3bgg13wk0fd4eyq8a7,CFM-O-81wk1o9ju4sau98oanw3xbsxz,ambroxol,vocabulary,conc:ratio:3mg/ml,ratio,fluid-oral,oral,,100ml,,Tocalm,infantil,,,,complete,high,isolated,isolated,Tocalm ambroxol infantil 15 mg/5 ml fluid-oral 100 ml
ambroxol 30mg/5ml,araucomed,Ambroxol 15mg/5ml jarabe 100ml (Eurofarma),ambroxol|100ml,ambroxol|100ml|bio:unknown|brand:eurofarma|form:fluid-oral,ambroxol-30mg-5ml#26,CFM-C-5f6gp3nlqjpip7xexm12gzyge,CFM-P-c4niqpisfy790mlc46mfxu4xg,CFM-M-4nxt8l175u4p2sutap43kqdx5,CFM-O-58cleqtib8fwxpw5nmrkt5ndf,ambroxol,vocabulary,conc:ratio:3mg/ml,ratio,fluid-oral,oral,,100ml,,,,,Eurofarma,,complete,high,isolated,isolated,ambroxol 15 mg/5 ml fluid-oral 100 ml
ambroxol 30mg/5ml,ecofarmacias,Ambroxol clorhidrato 30mg 100ml Ascend DESCUENTO,ambroxol|100ml,ambroxol|100ml|bio:unknown|brand:unknown,ambroxol-30mg-5ml#27,CFM-C-6wjej0obo7u6kl6v2393at1lp,CFM-P-77w8ugiotcvk37wc4340phtip,CFM-M-2y67rmv62cw2g17dflkdxkyd7,CFM-O-eypafxcmy3ppmt8fsqp4bk0gx,ambroxol,vocabulary,conc:mass:30mg,mass-only,,,,100ml,,,,,,,ambiguous,ambiguous,isolated,isolated,ambroxol 30 mg 100 ml
ambroxol 30mg/5ml,araucomed,Ambroxol 15mg/5ml jarabe infantil x 100 ml. (Ascend),ambroxol|100ml|100,ambroxol|100ml|100|bio:unknown|brand:ascend|form:fluid-oral,ambroxol-30mg-5ml#28,CFM-C-5f6gp3nlqjpip7xexm12gzyge,CFM-P-c4niqpisfy790mlc46mfxu4xg,CFM-M-8bvd62qdlcg7pdx0t0wy2gdkr,CFM-O-4h69c9kg48t9g8im159y1s98x,ambroxol,vocabulary,conc:ratio:3mg/ml,ratio,fluid-oral,oral,,100ml,,,,,Ascend,,complete,high,isolated,isolated,ambroxol 15 mg/5 ml fluid-oral 100 ml
ambroxol 30mg/5ml,ecofarmacias,Ambroxol Infantil 100ml (Andromaco),ambroxol|100ml,ambroxol|100ml|bio:unknown|brand:unknown|var:infantil,ambroxol-30mg-5ml#29,CFM-C-67ol0vro6xweabwt0izarde3h,CFM-P-2jdkwa42g2kpakrvg30e5a4ag,CFM-M-29ms38cuna72ndwhe8rm5ey5d,CFM-O-9xhnn51dnwzpjsh23on1y8pj7,ambroxol,vocabulary,conc:?,absent,,,,100ml,,,infantil,,,,ambiguous,ambiguous,isolated,isolated,ambroxol infantil 100 ml
ambroxol 30mg/5ml,cruz-verde,Ambroxol 15 mg/5mL Jarabe 100 mL,ambroxol|100ml,ambroxol|100ml|bio:unknown|brand:unknown|form:fluid-oral,ambroxol-30mg-5ml#43,CFM-C-5f6gp3nlqjpip7xexm12gzyge,CFM-P-c4niqpisfy790mlc46mfxu4xg,CFM-M-cxkehjsjzexcf9ggq8ji8fkzv,CFM-O-2t37n7rv8uzktnso0y7a9zk9h,ambroxol,vocabulary,conc:ratio:3mg/ml,ratio,fluid-oral,oral,,100ml,,,,,,,complete,high,isolated,isolated,ambroxol 15 mg/5 ml fluid-oral 100 ml
ambroxol 30mg/5ml,cruz-verde,Muxol Ambroxol 30 mg 20 Comprimidos,muxol|30mg|20,muxol|30mg|20|bio:unknown|brand:unknown|var:ambroxol|form:solid-oral,ambroxol-30mg-5ml#52,CFM-C-edv9rq7avy4l4obla878xhbrm,CFM-P-agj79jo6nx8my7kr3c5jmkx5u,CFM-M-1yks35toa7zj5dsbqtszocyv6,CFM-O-2mtz7coqnnt8ns329p3buiei9,ambroxol,vocabulary,conc:mass:30mg,mass-only,solid-oral,oral,20,,,Muxol,,,,,complete,high,complete,isolated,Muxol ambroxol 30 mg solid-oral x 20 comprimido
ambroxol 30mg/5ml,salcobrand,Broncot Ambroxol Clorhidrato 7.5mg/ml Gotas 30ml,broncot|30ml,broncot|30ml|bio:unknown|brand:broncot|var:ambroxol|form:fluid-oral,ambroxol-30mg-5ml#55,CFM-C-87ngc3lwbnz83ogeoakpp6ktt,CFM-P-bjhogpbbkso71x5oaffrs7vds,CFM-M-erxl6zgxcyhuu18chjzrkqrd5,CFM-O-c1ntw8cor4jk83wrgyf3w3h89,ambroxol,vocabulary,conc:ratio:7.5mg/ml,ratio,fluid-oral,oral,,30ml,,Broncot,,,,,complete,high,isolated,isolated,Broncot ambroxol 7.5 mg/ml fluid-oral 30 ml
ambroxol 30mg/5ml,cruz-verde,"Broncot Ambroxol 7,5 mg/mL Gotas 30 mL",broncot|30ml,broncot|30ml|bio:unknown|brand:unknown|var:ambroxol|form:fluid-oral,ambroxol-30mg-5ml#56,CFM-C-87ngc3lwbnz83ogeoakpp6ktt,CFM-P-bjhogpbbkso71x5oaffrs7vds,CFM-M-erxl6zgxcyhuu18chjzrkqrd5,CFM-O-c78w0v4z016auw4yojj6w8ttk,ambroxol,vocabulary,conc:ratio:7.5mg/ml,ratio,fluid-oral,oral,,30ml,,Broncot,,,,,complete,high,isolated,isolated,Broncot ambroxol 7.5 mg/ml fluid-oral 30 ml
amoxicilina 500mg,sermecoop,Amoxicilina 500mg/acido Clavulanico 125mg 20 Comprimidos Ethon,amoxicilina|500mg|20,amoxicilina|500mg|20|bio:true|brand:unknown|combo:acido|form:solid-oral,amoxicilina-500mg#9,CFM-C-5w3a3i37h4lsvx3epkseqk9ml,CFM-P-3cpnv03h38k6lvtfur3yy4csy,CFM-M-adollp71houyc7o3vzj9uwy20,CFM-O-03zdxhyjwuqzm56ee130nx1hn,acido+amoxicilina+clavulanico,combination+vocabulary,conc:mass:500mg,mass-only,solid-oral,oral,20,,,,,,,,complete,high,complete,isolated,acido + amoxicilina + clavulanico 500 mg solid-oral x 20 comprimido
amoxicilina 500mg,cruz-verde,Amoxicilina 500 mg + Acido Clavulánico 125 mg 20 Comprimidos,amoxicilina|500mg|20,amoxicilina|500mg|20|bio:unknown|brand:unknown|combo:acido|form:solid-oral,amoxicilina-500mg#11,CFM-C-5w3a3i37h4lsvx3epkseqk9ml,CFM-P-3cpnv03h38k6lvtfur3yy4csy,CFM-M-adollp71houyc7o3vzj9uwy20,CFM-O-86xozlet9vmpshx8rzsloiwbn,acido+amoxicilina+clavulanico,combination+vocabulary,conc:mass:500mg,mass-only,solid-oral,oral,20,,,,,,,,complete,high,complete,isolated,acido + amoxicilina + clavulanico 500 mg solid-oral x 20 comprimido
amoxicilina 500mg,ecofarmacias,"Amoxicilina / Ácido Clavulánico 250/62,5 Polvo Para Suspensión Oral",amoxicilina,amoxicilina|bio:unknown|brand:unknown|combo:acido|form:fluid-oral,amoxicilina-500mg#13,CFM-C-4uh5yaxnety3ptc064t4ri00l,CFM-P-1utai7nrwnqyyhp7asczhk4fe,CFM-M-3yfx5nolom2sh27wx6snvtstz,CFM-O-buema9jwo7tm1qgktv9zarxfj,acido+amoxicilina+clavulanico,combination+vocabulary,conc:?,absent,fluid-oral,oral,,,,,,,,,subsumed,medium,subsumed,isolated,acido + amoxicilina + clavulanico fluid-oral
amoxicilina 500mg,ecofarmacias,Amoxicilina+Acido Clavulanico Clav 500/125  X 20 Comprimidos Recubiertos (Cenabast),amoxicilina|20,amoxicilina|20|bio:true|brand:unknown|combo:acido|form:solid-oral,amoxicilina-500mg#14,CFM-C-4n8a41o2cb7x7e75d8w4ktr3v,CFM-P-0vzv0zq6vcmsdy0fumpca7i1e,CFM-M-1m7p55pqstqhds2001tmnwtln,CFM-O-7wtnx7rm843uhk9btqgn9s9ux,acido+amoxicilina+clavulanico,combination+vocabulary,conc:?,absent,solid-oral,oral,20,,,,,,,,ambiguous,ambiguous,complete,isolated,acido + amoxicilina + clavulanico solid-oral x 20 comprimido
amoxicilina 500mg,easyfarma,Amoxicilina/Acido...,amoxicilina,amoxicilina|bio:unknown|brand:unknown|combo:acido,amoxicilina-500mg#17,CFM-C-a1ogqhgblbp5p8t85a22khh3g,CFM-P-22exsy02wqvtiors72y249xg8,CFM-M-7en42q1pc701uh1b8f0afvwg6,CFM-O-b8u4znpuc4s6lzpo4pr1lbkcm,acido+amoxicilina,combination+vocabulary,conc:?,absent,,,,,,,,,,,isolated,low,isolated,isolated,acido + amoxicilina
amoxicilina 500mg,easyfarma,Amoxicilina + Acido...,amoxicilina,amoxicilina|bio:unknown|brand:ascend|combo:acido,amoxicilina-500mg#18,CFM-C-a1ogqhgblbp5p8t85a22khh3g,CFM-P-22exsy02wqvtiors72y249xg8,CFM-M-7en42q1pc701uh1b8f0afvwg6,CFM-O-c8z0yw1z8m3a3psraxw9ivfq1,acido+amoxicilina,combination+vocabulary,conc:?,absent,,,,,,,,,,,isolated,low,isolated,isolated,acido + amoxicilina
amoxicilina 500mg,salcobrand,Amoxicilina / Acido Clavulánico (B) 500/125 20 Comprimidos Recubiertos,amoxicilina|20,amoxicilina|20|bio:unknown|brand:unknown|combo:acido|form:solid-oral,amoxicilina-500mg#21,CFM-C-4n8a41o2cb7x7e75d8w4ktr3v,CFM-P-0vzv0zq6vcmsdy0fumpca7i1e,CFM-M-1m7p55pqstqhds2001tmnwtln,CFM-O-772nxpygjibmj2ks1lxg8v6y5,acido+amoxicilina+clavulanico,combination+vocabulary,conc:?,absent,solid-oral,oral,20,,,,,,,,ambiguous,ambiguous,complete,isolated,acido + amoxicilina + clavulanico solid-oral x 20 comprimido
amoxicilina 500mg,ecofarmacias,Amoxicilina Acido Clavulanico 400/57mg Suspensión oral 70ml,amoxicilina|70ml,amoxicilina|70ml|bio:unknown|brand:unknown|combo:acido|form:fluid-oral,amoxicilina-500mg#41,CFM-C-4uh5yaxnety3ptc064t4ri00l,CFM-P-1utai7nrwnqyyhp7asczhk4fe,CFM-M-3yfx5nolom2sh27wx6snvtstz,CFM-O-97j7svaj81d1fxrc3tkpn2gkp,acido+amoxicilina+clavulanico,combination+vocabulary,conc:mass:57mg,mass-only,fluid-oral,oral,,70ml,,,,,,,complete,high,isolated,isolated,acido + amoxicilina + clavulanico 57 mg fluid-oral 70 ml
amoxicilina 500mg,ecofarmacias,Amoxicilina+ácido Clavulánico 875mg 125mg por 20 comprimidos Ascend (Cenabast),amoxicilina|875mg|20,amoxicilina|875mg|20|bio:true|brand:unknown|combo:acido|form:solid-oral,amoxicilina-500mg#46,CFM-C-2iuoo0y6slpo695x2xkvrjwoy,CFM-P-1u0toehkaihgeliikq6lawtat,CFM-M-bo3bn193zd8s83pgqyznn0pvg,CFM-O-4c3x5c2y53vawiptygdq22nj3,acido+amoxicilina+clavulanico,combination+vocabulary,conc:mass:875mg,mass-only,solid-oral,oral,20,,,,,,,,complete,high,complete,isolated,acido + amoxicilina + clavulanico 875 mg solid-oral x 20 comprimido
amoxicilina 500mg,sermecoop,Amoxicilina 875mg/acido Clavulanico 125mg 20 Comprimidos,amoxicilina|875mg|20,amoxicilina|875mg|20|bio:true|brand:unknown|combo:acido|form:solid-oral,amoxicilina-500mg#46,CFM-C-2iuoo0y6slpo695x2xkvrjwoy,CFM-P-1u0toehkaihgeliikq6lawtat,CFM-M-bo3bn193zd8s83pgqyznn0pvg,CFM-O-6311cwy3y567x6gcypdtwehk7,acido+amoxicilina+clavulanico,combination+vocabulary,conc:mass:875mg,mass-only,solid-oral,oral,20,,,,,,,,complete,high,complete,isolated,acido + amoxicilina + clavulanico 875 mg solid-oral x 20 comprimido
amoxicilina 500mg,sermecoop,Amoxicilina/Ácido Clavulánico Suspension 400/57 Mg X 70 Ml,amoxicilina|70ml|70,amoxicilina|70ml|70|bio:unknown|brand:unknown|combo:acido|form:fluid-oral,amoxicilina-500mg#51,CFM-C-4uh5yaxnety3ptc064t4ri00l,CFM-P-1utai7nrwnqyyhp7asczhk4fe,CFM-M-3yfx5nolom2sh27wx6snvtstz,CFM-O-druv0oaweyd6ib67wq8ogxv77,acido+amoxicilina+clavulanico,combination+vocabulary,conc:mass:57mg,mass-only,fluid-oral,oral,,70ml,,,,,,,complete,high,isolated,isolated,acido + amoxicilina + clavulanico 57 mg fluid-oral 70 ml
diclofenaco 50mg,ecofarmacias,Dolodrin Diclofenaco 25 Mg / Tramadol 25 Mg x 10 Comprimidos,dolodrin|25mg|10,dolodrin|25mg|10|bio:unknown|brand:unknown|combo:tramadol|form:solid-oral,diclofenaco-50mg#96,CFM-C-98hgv5tzgem3h0cq9m3wwy1mm,CFM-P-bmodspbb2j7tdrov80nvj75rl,CFM-M-dv16nc86trev9fosvqtsaiich,CFM-O-dcfxyfxrrxiznuid33o5j7c9m,diclofenaco+dolodrin+tramadol,vocabulary+combination,conc:mass:25mg,mass-only,solid-oral,oral,10,,,,,,,,complete,high,complete,isolated,diclofenaco + dolodrin + tramadol 25 mg solid-oral x 10 comprimido
diclofenaco 50mg,cruz-verde,Dolodrin Diclofenaco 25 Mg / Tramadol 25 Mg 10 Comprimidos,dolodrin|25mg|10,dolodrin|25mg|10|bio:unknown|brand:unknown|combo:tramadol|form:solid-oral,diclofenaco-50mg#96,CFM-C-98hgv5tzgem3h0cq9m3wwy1mm,CFM-P-bmodspbb2j7tdrov80nvj75rl,CFM-M-dv16nc86trev9fosvqtsaiich,CFM-O-cjqbpoey6c3gflj2oj0pwy2ps,diclofenaco+dolodrin+tramadol,vocabulary+combination,conc:mass:25mg,mass-only,solid-oral,oral,10,,,,,,,,complete,high,complete,isolated,diclofenaco + dolodrin + tramadol 25 mg solid-oral x 10 comprimido
diclofenaco 50mg,salcobrand,Pro-Lertus Diclofenaco Colestiramina 140mg 10 Cápsulas Prolongadas,prolertus|140mg|10,prolertus|140mg|10|bio:unknown|brand:prolertus|var:colestiramina|form:solid-oral,diclofenaco-50mg#106,CFM-C-349wt0fatlvkbk9tlsazbpq5d,CFM-P-8qi7705ys2neeqs2mn15jwana,CFM-M-2whre6007bqn9dea6fzs2591a,CFM-O-6kq0x3p1q3z3mys9tvg699775,colestiramina+diclofenaco,vocabulary,conc:mass:140mg,mass-only,solid-oral,oral,10,,,Pro-Lertus,,,,,complete,high,complete,isolated,Pro-Lertus colestiramina + diclofenaco 140 mg solid-oral x 10 capsula
diclofenaco 50mg,cruz-verde,Pro-Lertus Diclofenaco Colestiramina 140 mg 10 Cápsulas,prolertus|140mg|10,prolertus|140mg|10|bio:unknown|brand:unknown|var:colestiramina|form:solid-oral,diclofenaco-50mg#110,CFM-C-349wt0fatlvkbk9tlsazbpq5d,CFM-P-8qi7705ys2neeqs2mn15jwana,CFM-M-2whre6007bqn9dea6fzs2591a,CFM-O-ay1qby9vlv88rkvtn42ap0t2n,colestiramina+diclofenaco,vocabulary,conc:mass:140mg,mass-only,solid-oral,oral,10,,,ProLertus,,,,,complete,high,complete,isolated,ProLertus colestiramina + diclofenaco 140 mg solid-oral x 10 capsula
ibuprofeno 400mg,farmex,Ibuprofeno 400 mg x 20 comprimidos.,ibuprofeno|400mg|20,ibuprofeno|400mg|20|bio:unknown|brand:unknown|form:solid-oral,ibuprofeno-400mg#0,CFM-C-f1549tln2sz07iuqc3gudnrhw,CFM-P-5ccv8pbd08bz2aq32xlhrwckd,CFM-M-e3b4mgdl12dglo4vzvon2g8on,CFM-O-9f0d9k8thx95sl0ryiokdn2pe,ibuprofeno,vocabulary,conc:mass:400mg,mass-only,solid-oral,oral,20,,,,,,,,complete,high,complete,isolated,ibuprofeno 400 mg solid-oral x 20 comprimido
ibuprofeno 400mg,easyfarma,Ibuprofeno 400 mg x 20 comp,ibuprofeno|400mg|20,ibuprofeno|400mg|20|bio:unknown|brand:unknown|form:solid-oral,ibuprofeno-400mg#0,CFM-C-f1549tln2sz07iuqc3gudnrhw,CFM-P-5ccv8pbd08bz2aq32xlhrwckd,CFM-M-e3b4mgdl12dglo4vzvon2g8on,CFM-O-6nkxt4gckgf5sk80t5qpza4yu,ibuprofeno,vocabulary,conc:mass:400mg,mass-only,solid-oral,oral,20,,,,,,,,complete,high,complete,isolated,ibuprofeno 400 mg solid-oral x 20 comprimido
ibuprofeno 400mg,cruz-verde,Ibuprofeno 400 mg 20 Comprimidos,ibuprofeno|400mg|20,ibuprofeno|400mg|20|bio:unknown|brand:unknown|form:solid-oral,ibuprofeno-400mg#0,CFM-C-f1549tln2sz07iuqc3gudnrhw,CFM-P-5ccv8pbd08bz2aq32xlhrwckd,CFM-M-e3b4mgdl12dglo4vzvon2g8on,CFM-O-9tmie48whvc2peez5qtyt5dpm,ibuprofeno,vocabulary,conc:mass:400mg,mass-only,solid-oral,oral,20,,,,,,,,complete,high,complete,isolated,ibuprofeno 400 mg solid-oral x 20 comprimido
ibuprofeno 400mg,salcobrand,Ibuprofeno (B) 400mg 20 Comprimidos,ibuprofeno|400mg|20,ibuprofeno|400mg|20|bio:unknown|brand:unknown|form:solid-oral,ibuprofeno-400mg#0,CFM-C-f1549tln2sz07iuqc3gudnrhw,CFM-P-5ccv8pbd08bz2aq32xlhrwckd,CFM-M-e3b4mgdl12dglo4vzvon2g8on,CFM-O-7l3nlby73prjoeo3pdz3uf2ba,ibuprofeno,vocabulary,conc:mass:400mg,mass-only,solid-oral,oral,20,,,,,,,,complete,high,complete,isolated,ibuprofeno 400 mg solid-oral x 20 comprimido
ibuprofeno 400mg,araucomed,Ibuprofeno 400 mg x 20 comprimidos. (Chile),ibuprofeno|400mg|20,ibuprofeno|400mg|20|bio:unknown|brand:chile|form:solid-oral,ibuprofeno-400mg#1,CFM-C-f1549tln2sz07iuqc3gudnrhw,CFM-P-5ccv8pbd08bz2aq32xlhrwckd,CFM-M-b8v2t2reu829yozc05tq9dqc2,CFM-O-8v0cudedg0y36kn0uhdpsfrbu,ibuprofeno,vocabulary,conc:mass:400mg,mass-only,solid-oral,oral,20,,,,,,Laboratorio Chile,,complete,high,complete,isolated,ibuprofeno 400 mg solid-oral x 20 comprimido
ibuprofeno 400mg,ecofarmacias,Ibuprofeno 400 mg x 20 Comprimidos recubiertos,ibuprofeno|400mg|20,ibuprofeno|400mg|20|bio:true|brand:unknown|form:solid-oral,ibuprofeno-400mg#2,CFM-C-f1549tln2sz07iuqc3gudnrhw,CFM-P-5ccv8pbd08bz2aq32xlhrwckd,CFM-M-e3b4mgdl12dglo4vzvon2g8on,CFM-O-ciex39kpwrp2pzepzfi7m8pql,ibuprofeno,vocabulary,conc:mass:400mg,mass-only,solid-oral,oral,20,,,,,,,,complete,high,complete,isolated,ibuprofeno 400 mg solid-oral x 20 comprimido
ibuprofeno 400mg,sermecoop,Ibuprofeno 400mg 20 Comprimidos,ibuprofeno|400mg|20,ibuprofeno|400mg|20|bio:true|brand:unknown|form:solid-oral,ibuprofeno-400mg#2,CFM-C-f1549tln2sz07iuqc3gudnrhw,CFM-P-5ccv8pbd08bz2aq32xlhrwckd,CFM-M-e3b4mgdl12dglo4vzvon2g8on,CFM-O-cikdytndakj87a4srgo3j6n75,ibuprofeno,vocabulary,conc:mass:400mg,mass-only,solid-oral,oral,20,,,,,,,,complete,high,complete,isolated,ibuprofeno 400 mg solid-oral x 20 comprimido
ibuprofeno 400mg,ahumada,Ibucalm Ibuprofeno 400 Mg 10 Cap Blandas,ibucalm|400mg|10,ibucalm|400mg|10|bio:true|brand:unknown|form:solid-oral,ibuprofeno-400mg#10,CFM-C-f1549tln2sz07iuqc3gudnrhw,CFM-P-ewn6ycdar682p9uoc9ve6cjdy,CFM-M-0zbfdv2i8qcir04hamztfobm3,CFM-O-1qd1yob2s4x26gdlvhm2ucf49,ibuprofeno,vocabulary,conc:mass:400mg,mass-only,solid-oral,oral,10,,,Ibucalm,,,,,complete,high,complete,isolated,Ibucalm ibuprofeno 400 mg solid-oral x 10 capsula
ibuprofeno 400mg,ecofarmacias,Ibucalm Ibuprofeno 400 Mg X 10 Capsulas blandas (Opko),ibucalm|400mg|10,ibucalm|400mg|10|bio:true|brand:unknown|form:solid-oral,ibuprofeno-400mg#10,CFM-C-f1549tln2sz07iuqc3gudnrhw,CFM-P-ewn6ycdar682p9uoc9ve6cjdy,CFM-M-0zbfdv2i8qcir04hamztfobm3,CFM-O-60z1gxpzgdbmejqxen8m3urws,ibuprofeno,vocabulary,conc:mass:400mg,mass-only,solid-oral,oral,10,,,Ibucalm,,,,,complete,high,complete,isolated,Ibucalm ibuprofeno 400 mg solid-oral x 10 capsula
ibuprofeno 400mg,salcobrand,Actron (R) Ibuprofeno 400mg 10 Cápsulas Blandas,actron|400mg|10,actron|400mg|10|bio:unknown|brand:actron|form:solid-oral,ibuprofeno-400mg#11,CFM-C-f1549tln2sz07iuqc3gudnrhw,CFM-P-ewn6ycdar682p9uoc9ve6cjdy,CFM-M-45iqp1w2tpskz9xruqccot8dn,CFM-O-5hmixv36zkwcityxsji76qxiw,ibuprofeno,vocabulary,conc:mass:400mg,mass-only,solid-oral,oral,10,,,Actron,,,,,complete,high,complete,isolated,Actron ibuprofeno 400 mg solid-oral x 10 capsula
ibuprofeno 400mg,cruz-verde,Actron 400 Ibuprofeno 400 mg 10 Cápsulas Blandas,actron|400mg|10,actron|400mg|10|bio:unknown|brand:unknown|form:solid-oral,ibuprofeno-400mg#15,CFM-C-f1549tln2sz07iuqc3gudnrhw,CFM-P-ewn6ycdar682p9uoc9ve6cjdy,CFM-M-45iqp1w2tpskz9xruqccot8dn,CFM-O-c710u0d6t12u62cicomv68ifg,ibuprofeno,vocabulary,conc:mass:400mg,mass-only,solid-oral,oral,10,,,Actron,,,,,complete,high,complete,isolated,Actron ibuprofeno 400 mg solid-oral x 10 capsula
ibuprofeno 400mg,cruz-verde,Ibucalm Ibuprofeno 400 mg 10 Cápsulas blandas,ibucalm|400mg|10,ibucalm|400mg|10|bio:unknown|brand:unknown|form:solid-oral,ibuprofeno-400mg#17,CFM-C-f1549tln2sz07iuqc3gudnrhw,CFM-P-ewn6ycdar682p9uoc9ve6cjdy,CFM-M-0zbfdv2i8qcir04hamztfobm3,CFM-O-cwdbyhgpcfhu8gt71zox7x6m7,ibuprofeno,vocabulary,conc:mass:400mg,mass-only,solid-oral,oral,10,,,Ibucalm,,,,,complete,high,complete,isolated,Ibucalm ibuprofeno 400 mg solid-oral x 10 capsula
ibuprofeno 400mg,salcobrand,Actron (R) Ibuprofeno 400mg 20 Cápsulas Blandas,actron|400mg|20,actron|400mg|20|bio:unknown|brand:actron|form:solid-oral,ibuprofeno-400mg#21,CFM-C-f1549tln2sz07iuqc3gudnrhw,CFM-P-5ccv8pbd08bz2aq32xlhrwckd,CFM-M-3pw5zkavhdm1ql9zfb5xatxpn,CFM-O-2n4zjk4r0dj0eq3yp9qag78n2,ibuprofeno,vocabulary,conc:mass:400mg,mass-only,solid-oral,oral,20,,,Actron,,,,,complete,high,complete,isolated,Actron ibuprofeno 400 mg solid-oral x 20 capsula
ibuprofeno 400mg,cruz-verde,Actron Ibuprofeno 400 mg 20 Cápsulas Blandas,actron|400mg|20,actron|400mg|20|bio:unknown|brand:unknown|form:solid-oral,ibuprofeno-400mg#24,CFM-C-f1549tln2sz07iuqc3gudnrhw,CFM-P-5ccv8pbd08bz2aq32xlhrwckd,CFM-M-3pw5zkavhdm1ql9zfb5xatxpn,CFM-O-630k71vou72h6jfljz3n632kz,ibuprofeno,vocabulary,conc:mass:400mg,mass-only,solid-oral,oral,20,,,Actron,,,,,complete,high,complete,isolated,Actron ibuprofeno 400 mg solid-oral x 20 capsula
ibuprofeno 400mg,salcobrand,Tapsin Duo (B) Paracetamol / Ibuprofeno 12 Comprimidos Recubiertos,tapsin|12,tapsin|12|bio:unknown|brand:tapsin|combo:ibuprofeno|form:solid-oral,ibuprofeno-400mg#26,CFM-C-5ajvneg5fjyvjh6zw2kbon0bx,CFM-P-8u817swcv4c9xtpk6s4bg6mey,CFM-M-eno6mxwrsozwjkqq4rk2cfbr8,CFM-O-cthha5arc2gd9x7hs0s7fd9ur,ibuprofeno+paracetamol+tapsin,vocabulary+combination,conc:?,absent,solid-oral,oral,12,,,Tapsin,,,,,isolated,low,complete,isolated,Tapsin ibuprofeno + paracetamol + tapsin solid-oral x 12 comprimido
ibuprofeno 400mg,cruz-verde,Tapsin Duo Paracetamol Ibuprofeno 12 Comprimidos Recubiertos,tapsin|12,tapsin|12|bio:unknown|brand:unknown|var:duo|form:solid-oral,ibuprofeno-400mg#27,CFM-C-bveanpvyhh5vjlxlp4sto1127,CFM-P-89lk94bkxwop1739on6lct3ko,CFM-M-5doam7atn6bq6e4gj9dbyzyel,CFM-O-4g3zkrxcigg1v5le0imkm0hw5,ibuprofeno+paracetamol,vocabulary,conc:?,absent,solid-oral,oral,12,,,Tapsin,duo,,,,subsumed,medium,complete,isolated,Tapsin ibuprofeno + paracetamol duo solid-oral x 12 comprimido
ibuprofeno 400mg,araucomed,Tapsin Duo x 12 comprimidos,tapsin|12,tapsin|12|bio:unknown|brand:maver|var:duo|form:solid-oral,ibuprofeno-400mg#28,CFM-C-59ew0lfqswh7d64yft50r9ro3,CFM-P-6ckxkggtdvo4ry56eabk5pcze,CFM-M-43gp3bfjyijaaibovkefh5m47,CFM-O-0ncuas7kacohi5t39l61a4rvu,tapsin,unresolved-head,conc:?,absent,solid-oral,oral,12,,,,duo,,Maver,,ambiguous,ambiguous,complete,isolated,tapsin duo solid-oral x 12 comprimido
ibuprofeno 400mg,salcobrand,Kitadol Duo Ibuprofeno / Paracetamol 10 Comprimidos Recubiertos,kitadol|10,kitadol|10|bio:unknown|brand:kitadolduo|combo:paracetamol|form:solid-oral,ibuprofeno-400mg#31,CFM-C-bqp56y5oi96nxzsuii4kmxii4,CFM-P-39z3hiijahrc4qy6guwl64cc2,CFM-M-529cilwv2gvd1ujx1ni2via1l,CFM-O-a0dwwrmtmg9sree1id73h951k,ibuprofeno+kitadol+paracetamol,vocabulary+combination,conc:?,absent,solid-oral,oral,10,,,Kitadol Duo,,,,,isolated,low,complete,isolated,Kitadol Duo ibuprofeno + kitadol + paracetamol solid-oral x 10 comprimido
ibuprofeno 400mg,easyfarma,Ibuprofeno 600 Mg 20 Comp....,ibuprofeno|600mg|20,ibuprofeno|600mg|20|bio:unknown|brand:opko|form:solid-oral,ibuprofeno-400mg#34,CFM-C-dbkvfo2hva99zelt94br9gg3q,CFM-P-58ofgifs96an9iqjy8cyuv9rq,CFM-M-30ox041m4okv5ufc5tz4ldoyq,CFM-O-emvf3nyetd5axn9wfkn2qg98b,ibuprofeno,vocabulary,conc:mass:600mg,mass-only,solid-oral,oral,20,,,,,,,,complete,high,complete,isolated,ibuprofeno 600 mg solid-oral x 20 comprimido
ibuprofeno 400mg,dr-simi,Ibuprofeno 200 mg 20 comprimidos recubiertos,ibuprofeno|200mg|20,ibuprofeno|200mg|20|bio:true|brand:ascend|form:solid-oral,ibuprofeno-400mg#35,CFM-C-3gchl0xnz92ft7phq58dp57du,CFM-P-940htkj7q2sp0favi03uni9r6,CFM-M-3cx9yhgu6bz4k2xaw5sxphds7,CFM-O-8zznujr8hluf5rgnjxfkj31a8,ibuprofeno,vocabulary,conc:mass:200mg,mass-only,solid-oral,oral,20,,,,,,Ascend,,complete,high,complete,isolated,ibuprofeno 200 mg solid-oral x 20 comprimido
ibuprofeno 400mg,farmex,Ibuprofeno 200 mg x 20 comprimidos,ibuprofeno|200mg|20,ibuprofeno|200mg|20|bio:unknown|brand:ascend|form:solid-oral,ibuprofeno-400mg#39,CFM-C-3gchl0xnz92ft7phq58dp57du,CFM-P-940htkj7q2sp0favi03uni9r6,CFM-M-3cx9yhgu6bz4k2xaw5sxphds7,CFM-O-32dewogitisjaknrxl0k7lynm,ibuprofeno,vocabulary,conc:mass:200mg,mass-only,solid-oral,oral,20,,,,,,Genericos-Ascend,,complete,high,complete,isolated,ibuprofeno 200 mg solid-oral x 20 comprimido
ibuprofeno 400mg,easyfarma,Ibuprofeno 600 mg  x 20,ibuprofeno|600mg|20,ibuprofeno|600mg|20|bio:unknown|brand:unknown,ibuprofeno-400mg#40,CFM-C-dbkvfo2hva99zelt94br9gg3q,CFM-P-58ofgifs96an9iqjy8cyuv9rq,CFM-M-30ox041m4okv5ufc5tz4ldoyq,CFM-O-5gjatxvir503vn4owaqciie2g,ibuprofeno,vocabulary,conc:mass:600mg,mass-only,,,20,,,,,,,,subsumed,medium,subsumed,isolated,ibuprofeno 600 mg x 20
ibuprofeno 400mg,ahumada,Ibuprofeno 600 mg x 20 Comprimidos Recubiertos OPKO CHILE S.A.,ibuprofeno|600mg|20,ibuprofeno|600mg|20|bio:true|brand:unknown|form:solid-oral,ibuprofeno-400mg#42,CFM-C-dbkvfo2hva99zelt94br9gg3q,CFM-P-58ofgifs96an9iqjy8cyuv9rq,CFM-M-30ox041m4okv5ufc5tz4ldoyq,CFM-O-5bew4v1f7m5ixl6rkv2uw1z7g,ibuprofeno,vocabulary,conc:mass:600mg,mass-only,solid-oral,oral,20,,,,,,,,complete,high,complete,isolated,ibuprofeno 600 mg solid-oral x 20 comprimido
ibuprofeno 400mg,ahumada,Ibuprofeno 200 mg x 20 Comprimidos Recubiertos,ibuprofeno|200mg|20,ibuprofeno|200mg|20|bio:true|brand:unknown|form:solid-oral,ibuprofeno-400mg#44,CFM-C-3gchl0xnz92ft7phq58dp57du,CFM-P-940htkj7q2sp0favi03uni9r6,CFM-M-ek3dhvvkwczpjogqialgatk1j,CFM-O-a9olol8825v9bbzvnpv3fidhl,ibuprofeno,vocabulary,conc:mass:200mg,mass-only,solid-oral,oral,20,,,,,,,,complete,high,complete,isolated,ibuprofeno 200 mg solid-oral x 20 comprimido
ibuprofeno 400mg,ecofarmacias,Ibuprofeno 200 mg X 20 comprimidos (Ascend),ibuprofeno|200mg|20,ibuprofeno|200mg|20|bio:true|brand:unknown|form:solid-oral,ibuprofeno-400mg#44,CFM-C-3gchl0xnz92ft7phq58dp57du,CFM-P-940htkj7q2sp0favi03uni9r6,CFM-M-ek3dhvvkwczpjogqialgatk1j,CFM-O-4o41qhcfjunf9rqs03vufm3bt,ibuprofeno,vocabulary,conc:mass:200mg,mass-only,solid-oral,oral,20,,,,,,,,complete,high,complete,isolated,ibuprofeno 200 mg solid-oral x 20 comprimido
ibuprofeno 400mg,ecofarmacias,Ibuprofeno Suspensión Oral 200mg/5ml 100ml Ascend,ibuprofeno|100ml,ibuprofeno|100ml|bio:unknown|brand:unknown|form:fluid-oral,ibuprofeno-400mg#45,CFM-C-ata3d2tejgj3ujxkntu2e7eco,CFM-P-f08rr8tdgcsvy51ouylatlsx5,CFM-M-d7yhufxzrov1hzuu2eij9048u,CFM-O-2b1ktxyfhipdyhh8lwwqeu97r,ibuprofeno,vocabulary,conc:ratio:40mg/ml,ratio,fluid-oral,oral,,100ml,,,,,,,complete,high,isolated,isolated,ibuprofeno 200 mg/5 ml fluid-oral 100 ml
ibuprofeno 400mg,sermecoop,Ibuprofeno 200mg/5ml Jarabe 100ml,ibuprofeno|100ml,ibuprofeno|100ml|bio:unknown|brand:unknown|form:fluid-oral,ibuprofeno-400mg#45,CFM-C-ata3d2tejgj3ujxkntu2e7eco,CFM-P-f08rr8tdgcsvy51ouylatlsx5,CFM-M-d7yhufxzrov1hzuu2eij9048u,CFM-O-7hs3709gtz7976615fnawvmg7,ibuprofeno,vocabulary,conc:ratio:40mg/ml,ratio,fluid-oral,oral,,100ml,,,,,,,complete,high,isolated,isolated,ibuprofeno 200 mg/5 ml fluid-oral 100 ml
ibuprofeno 400mg,salcobrand,Ibuprofeno 200mg/5ml Jarabe 100ml,ibuprofeno|100ml,ibuprofeno|100ml|bio:unknown|brand:unknown|form:fluid-oral,ibuprofeno-400mg#45,CFM-C-ata3d2tejgj3ujxkntu2e7eco,CFM-P-f08rr8tdgcsvy51ouylatlsx5,CFM-M-d7yhufxzrov1hzuu2eij9048u,CFM-O-d91u63mix8kmt8o9d2yr9auyj,ibuprofeno,vocabulary,conc:ratio:40mg/ml,ratio,fluid-oral,oral,,100ml,,,,,,,complete,high,isolated,isolated,ibuprofeno 200 mg/5 ml fluid-oral 100 ml
ibuprofeno 400mg,ecofarmacias,Ibuprofeno Suspensión 100 mg/5ml x 100 ml (cenabast),ibuprofeno|100ml|100,ibuprofeno|100ml|100|bio:unknown|brand:unknown|form:fluid-oral,ibuprofeno-400mg#46,CFM-C-6xq5w6blzsfd9e1s21yyyhl0e,CFM-P-7oy12nxu3t90qtk8vn9ddom8c,CFM-M-44wyoks8ub2xgo276uvkw4mud,CFM-O-cn4lzmth0w8zkrdfz1x50yyfv,ibuprofeno,vocabulary,conc:ratio:20mg/ml,ratio,fluid-oral,oral,,100ml,,,,,,,complete,high,isolated,isolated,ibuprofeno 100 mg/5 ml fluid-oral 100 ml
ibuprofeno 400mg,ahumada,Ibuprofeno 100 mg/5 mL x 100 mL Suspensión Oral ETHON PHARMACEUTICALS S.P.A,ibuprofeno|100ml|100,ibuprofeno|100ml|100|bio:unknown|brand:unknown|form:fluid-oral,ibuprofeno-400mg#46,CFM-C-6xq5w6blzsfd9e1s21yyyhl0e,CFM-P-7oy12nxu3t90qtk8vn9ddom8c,CFM-M-44wyoks8ub2xgo276uvkw4mud,CFM-O-10xqobjzhyol11d866ikxdsek,ibuprofeno,vocabulary,conc:ratio:20mg/ml,ratio,fluid-oral,oral,,100ml,,,,,,,complete,high,isolated,isolated,ibuprofeno 100 mg/5 ml fluid-oral 100 ml
ibuprofeno 400mg,cruz-verde,Ibuprofeno 600 mg 20 Comprimidos,ibuprofeno|600mg|20,ibuprofeno|600mg|20|bio:unknown|brand:unknown|form:solid-oral,ibuprofeno-400mg#48,CFM-C-dbkvfo2hva99zelt94br9gg3q,CFM-P-58ofgifs96an9iqjy8cyuv9rq,CFM-M-30ox041m4okv5ufc5tz4ldoyq,CFM-O-dlamxqe0lienasygry87xl649,ibuprofeno,vocabulary,conc:mass:600mg,mass-only,solid-oral,oral,20,,,,,,,,complete,high,complete,isolated,ibuprofeno 600 mg solid-oral x 20 comprimido
ibuprofeno 400mg,salcobrand,Ibuprofeno (B) 600mg 20 Comprimidos,ibuprofeno|600mg|20,ibuprofeno|600mg|20|bio:unknown|brand:unknown|form:solid-oral,ibuprofeno-400mg#48,CFM-C-dbkvfo2hva99zelt94br9gg3q,CFM-P-58ofgifs96an9iqjy8cyuv9rq,CFM-M-30ox041m4okv5ufc5tz4ldoyq,CFM-O-94fk59j6h580emi5cbokkt7be,ibuprofeno,vocabulary,conc:mass:600mg,mass-only,solid-oral,oral,20,,,,,,,,complete,high,complete,isolated,ibuprofeno 600 mg solid-oral x 20 comprimido
ibuprofeno 400mg,cruz-verde,Ibuprofeno 200 mg 20 Comprimidos,ibuprofeno|200mg|20,ibuprofeno|200mg|20|bio:unknown|brand:unknown|form:solid-oral,ibuprofeno-400mg#49,CFM-C-3gchl0xnz92ft7phq58dp57du,CFM-P-940htkj7q2sp0favi03uni9r6,CFM-M-ek3dhvvkwczpjogqialgatk1j,CFM-O-5tvgw2w5rbugdxn7kao6ofl3p,ibuprofeno,vocabulary,conc:mass:200mg,mass-only,solid-oral,oral,20,,,,,,,,complete,high,complete,isolated,ibuprofeno 200 mg solid-oral x 20 comprimido
ibuprofeno 400mg,salcobrand,Ibuprofeno (B) 200mg 20 Comprimidos Recubiertos,ibuprofeno|200mg|20,ibuprofeno|200mg|20|bio:unknown|brand:unknown|form:solid-oral,ibuprofeno-400mg#49,CFM-C-3gchl0xnz92ft7phq58dp57du,CFM-P-940htkj7q2sp0favi03uni9r6,CFM-M-ek3dhvvkwczpjogqialgatk1j,CFM-O-8gorhn9zz1m35d8nrwz23sm1a,ibuprofeno,vocabulary,conc:mass:200mg,mass-only,solid-oral,oral,20,,,,,,,,complete,high,complete,isolated,ibuprofeno 200 mg solid-oral x 20 comprimido
ibuprofeno 400mg,sermecoop,Pyriped (ibuprofeno) 100mg/5ml Jarabe 100ml,pyriped|100ml,pyriped|100ml|bio:unknown|brand:unknown|form:fluid-oral,ibuprofeno-400mg#55,CFM-C-6xq5w6blzsfd9e1s21yyyhl0e,CFM-P-7oy12nxu3t90qtk8vn9ddom8c,CFM-M-4aab5mdzpxg3l2u9azh7dyjjr,CFM-O-e693iumd0iwk4wkeq3yn2qqut,ibuprofeno,vocabulary,conc:ratio:20mg/ml,ratio,fluid-oral,oral,,100ml,,Pyriped,,,,,complete,high,isolated,isolated,Pyriped ibuprofeno 100 mg/5 ml fluid-oral 100 ml
ibuprofeno 400mg,cruz-verde,Pyriped Ibuprofeno 100 mg/5mL Suspensión 100 mL,pyriped|100ml,pyriped|100ml|bio:unknown|brand:unknown|form:fluid-oral,ibuprofeno-400mg#55,CFM-C-6xq5w6blzsfd9e1s21yyyhl0e,CFM-P-7oy12nxu3t90qtk8vn9ddom8c,CFM-M-4aab5mdzpxg3l2u9azh7dyjjr,CFM-O-29vmul7y4luu9pyj4tx0gajon,ibuprofeno,vocabulary,conc:ratio:20mg/ml,ratio,fluid-oral,oral,,100ml,,Pyriped,,,,,complete,high,isolated,isolated,Pyriped ibuprofeno 100 mg/5 ml fluid-oral 100 ml
ibuprofeno 400mg,cruz-verde,Ibuprofeno 100 mg/5mL Suspensión 100 mL,ibuprofeno|100ml,ibuprofeno|100ml|bio:unknown|brand:unknown|form:fluid-oral,ibuprofeno-400mg#59,CFM-C-6xq5w6blzsfd9e1s21yyyhl0e,CFM-P-7oy12nxu3t90qtk8vn9ddom8c,CFM-M-44wyoks8ub2xgo276uvkw4mud,CFM-O-6zgi92mjc1l77b44n0byaiyxy,ibuprofeno,vocabulary,conc:ratio:20mg/ml,ratio,fluid-oral,oral,,100ml,,,,,,,complete,high,isolated,isolated,ibuprofeno 100 mg/5 ml fluid-oral 100 ml
ibuprofeno 400mg,ecofarmacias,Actron ibuprofeno 600mg por 10 caps. blandas DESCUENTO,actron|600mg,actron|600mg|bio:unknown|brand:unknown|form:solid-oral,ibuprofeno-400mg#64,CFM-C-dbkvfo2hva99zelt94br9gg3q,CFM-P-cb727nx78di893cxh3ti7tjxp,CFM-M-be931kbqu9lbxn5ftmvrt3rbl,CFM-O-dzx0zh55vpfsp4o5gkw8rrmll,ibuprofeno,vocabulary,conc:mass:600mg,mass-only,solid-oral,oral,10,,,Actron,,,,,complete,high,complete,isolated,Actron ibuprofeno 600 mg solid-oral x 10 capsula
ibuprofeno 400mg,dr-simi,Tapsin Duo paracetamol 300 mg ibuprofeno 200 mg 12 comprimidos recubiertos,tapsin|300mg|12,tapsin|300mg|12|bio:false|brand:maver|var:duo|form:solid-oral,ibuprofeno-400mg#66,CFM-C-bveanpvyhh5vjlxlp4sto1127,CFM-P-89lk94bkxwop1739on6lct3ko,CFM-M-2ni1q204h0vce8fma36vljeny,CFM-O-9k9fbs8efcoim2zntx6kotqqc,ibuprofeno+paracetamol,vocabulary,conc:mass:300mg,mass-only,solid-oral,oral,12,,,Tapsin,duo,,Maver,,complete,high,complete,isolated,Tapsin ibuprofeno + paracetamol duo 300 mg solid-oral x 12 comprimido
ibuprofeno 400mg,ecofarmacias,Ibucalm Ibuprofeno 600mg x 10 Cápsulas blandas,ibucalm|600mg|10,ibucalm|600mg|10|bio:true|brand:unknown|form:solid-oral,ibuprofeno-400mg#68,CFM-C-dbkvfo2hva99zelt94br9gg3q,CFM-P-cb727nx78di893cxh3ti7tjxp,CFM-M-c1sf3thtmc7zhng3wgi7yui6p,CFM-O-04nt8ui88mo0fo5qrhl7unz3d,ibuprofeno,vocabulary,conc:mass:600mg,mass-only,solid-oral,oral,10,,,Ibucalm,,,,,complete,high,complete,isolated,Ibucalm ibuprofeno 600 mg solid-oral x 10 capsula
ibuprofeno 400mg,ahumada,Ibucalm Ibuprofeno 600 Mg 10 Cap Blandas,ibucalm|600mg|10,ibucalm|600mg|10|bio:true|brand:unknown|form:solid-oral,ibuprofeno-400mg#68,CFM-C-dbkvfo2hva99zelt94br9gg3q,CFM-P-cb727nx78di893cxh3ti7tjxp,CFM-M-c1sf3thtmc7zhng3wgi7yui6p,CFM-O-3a46amjkr9kkrq4qkvlnsqink,ibuprofeno,vocabulary,conc:mass:600mg,mass-only,solid-oral,oral,10,,,Ibucalm,,,,,complete,high,complete,isolated,Ibucalm ibuprofeno 600 mg solid-oral x 10 capsula
ibuprofeno 400mg,sermecoop,Ibupirac Lc (ibuprofeno) 600mg 10  Cápsulas Blandas,ibupirac|600mg|10,ibupirac|600mg|10|bio:true|brand:unknown|var:lc|form:solid-oral,ibuprofeno-400mg#70,CFM-C-dbkvfo2hva99zelt94br9gg3q,CFM-P-cb727nx78di893cxh3ti7tjxp,CFM-M-eganbz4ikxhdr3zlclmxb5o1q,CFM-O-95sp4vkm5qaqg5pk2bg0hmt4d,ibuprofeno,vocabulary,conc:mass:600mg,mass-only,solid-oral,oral,10,,,Ibupirac,lc,,,,complete,high,complete,isolated,Ibupirac ibuprofeno lc 600 mg solid-oral x 10 capsula
ibuprofeno 400mg,ecofarmacias,Dolorub Ibuprofeno Gel 60g DESCUENTO,dolorub|60000mg,dolorub|60000mg|bio:unknown|brand:unknown|form:topical,ibuprofeno-400mg#74,CFM-C-ed2vdtasjhpvxc5txujpyoqui,CFM-P-6gdo4on2ma3pr0siwrcvm1csl,CFM-M-dik56097847kw9lf66szsofca,CFM-O-4dsxf4u2yjv1dec6kxkf009im,ibuprofeno,vocabulary,conc:mass:60000mg,mass-only,topical,topical,,,,Dolorub,,,,,complete,high,isolated,isolated,Dolorub ibuprofeno 60 g topical
ibuprofeno 400mg,cruz-verde,Ibupirac LC Ibuprofeno 600 mg 10 Cápsulas Blandas,ibupirac|600mg|10,ibupirac|600mg|10|bio:unknown|brand:unknown|var:lc|form:solid-oral,ibuprofeno-400mg#77,CFM-C-dbkvfo2hva99zelt94br9gg3q,CFM-P-cb727nx78di893cxh3ti7tjxp,CFM-M-eganbz4ikxhdr3zlclmxb5o1q,CFM-O-1q6b4z2kp6gz2csn4ewbi9fss,ibuprofeno,vocabulary,conc:mass:600mg,mass-only,solid-oral,oral,10,,,Ibupirac,lc,,,,complete,high,complete,isolated,Ibupirac ibuprofeno lc 600 mg solid-oral x 10 capsula
ibuprofeno 400mg,cruz-verde,Dolorub Ibuprofeno 5% Crema Tópica 60 gr,dolorub,dolorub|bio:unknown|brand:unknown|form:topical,ibuprofeno-400mg#82,CFM-C-ed2vdtasjhpvxc5txujpyoqui,CFM-P-6gdo4on2ma3pr0siwrcvm1csl,CFM-M-dik56097847kw9lf66szsofca,CFM-O-amlcc07i2a3zrfo60ikwsf87i,ibuprofeno,vocabulary,conc:mass:60000mg,mass-only,topical,topical,,,,Dolorub,,,,,complete,high,isolated,isolated,Dolorub ibuprofeno 60 g topical
ibuprofeno 400mg,ecofarmacias,Ibucalm Ibuprofeno 600 Mg X 20 Capsulas blandas (Opko),ibucalm|600mg|20,ibucalm|600mg|20|bio:true|brand:unknown|form:solid-oral,ibuprofeno-400mg#83,CFM-C-dbkvfo2hva99zelt94br9gg3q,CFM-P-58ofgifs96an9iqjy8cyuv9rq,CFM-M-2ek6so0v6ode4px5nm2ueiz26,CFM-O-5yph5fyp2echiizll3lk90dhk,ibuprofeno,vocabulary,conc:mass:600mg,mass-only,solid-oral,oral,20,,,Ibucalm,,,,,complete,high,complete,isolated,Ibucalm ibuprofeno 600 mg solid-oral x 20 capsula
ibuprofeno 400mg,cruz-verde,Ibucalm Ibuprofeno 600 mg 10 Cápsulas blandas,ibucalm|600mg|10,ibucalm|600mg|10|bio:unknown|brand:unknown|form:solid-oral,ibuprofeno-400mg#87,CFM-C-dbkvfo2hva99zelt94br9gg3q,CFM-P-cb727nx78di893cxh3ti7tjxp,CFM-M-c1sf3thtmc7zhng3wgi7yui6p,CFM-O-5kz066j48l6l5nyr2mgj4vji7,ibuprofeno,vocabulary,conc:mass:600mg,mass-only,solid-oral,oral,10,,,Ibucalm,,,,,complete,high,complete,isolated,Ibucalm ibuprofeno 600 mg solid-oral x 10 capsula
ibuprofeno 400mg,salcobrand,Actron Ibuprofeno 600mg 10 Cápsulas Blandas,actron|600mg|10,actron|600mg|10|bio:unknown|brand:actron|form:solid-oral,ibuprofeno-400mg#92,CFM-C-dbkvfo2hva99zelt94br9gg3q,CFM-P-cb727nx78di893cxh3ti7tjxp,CFM-M-be931kbqu9lbxn5ftmvrt3rbl,CFM-O-7j2e4va9ecn13lkzcy31z6cpj,ibuprofeno,vocabulary,conc:mass:600mg,mass-only,solid-oral,oral,10,,,Actron,,,,,complete,high,complete,isolated,Actron ibuprofeno 600 mg solid-oral x 10 capsula
ibuprofeno 400mg,cruz-verde,Ibucalm Ibuprofeno 600 mg 20 Cápsulas blandas,ibucalm|600mg|20,ibucalm|600mg|20|bio:unknown|brand:unknown|form:solid-oral,ibuprofeno-400mg#103,CFM-C-dbkvfo2hva99zelt94br9gg3q,CFM-P-58ofgifs96an9iqjy8cyuv9rq,CFM-M-2ek6so0v6ode4px5nm2ueiz26,CFM-O-b0azzbx5xafwzmnngnweelmp6,ibuprofeno,vocabulary,conc:mass:600mg,mass-only,solid-oral,oral,20,,,Ibucalm,,,,,complete,high,complete,isolated,Ibucalm ibuprofeno 600 mg solid-oral x 20 capsula
ibuprofeno 400mg,salcobrand,Pironal Flu Forte Ibuprofeno / Pseudoefedrina Jarabe 100ml,pironal|100ml,pironal|100ml|bio:unknown|brand:pironal|combo:pseudoefedrina|form:fluid-oral,ibuprofeno-400mg#113,CFM-C-8z2vuls3skwjpwbp0fort2unp,CFM-P-65gu9iqe3v8v369d41jo544rq,CFM-M-52mz6wq6mnlebwqz96yom36wy,CFM-O-7e7s2xfjpbbhx3bbh8fgwsiz9,ibuprofeno+pironal+pseudoefedrina,vocabulary+combination,conc:?,absent,fluid-oral,oral,,100ml,,Pironal,,,,,isolated,low,isolated,isolated,Pironal ibuprofeno + pironal + pseudoefedrina fluid-oral 100 ml
losartan 50mg,ecofarmacias,Losartan 50 mg x 30 comprimidos (LCH) DESCUENTO,losartan|50mg|30,losartan|50mg|30|bio:true|brand:unknown|form:solid-oral,losartan-50mg#0,CFM-C-dqekzzhqtzuat9ynn3bcfw2l8,CFM-P-ec85d5bkgmdn8wxvw95khv7m8,CFM-M-bgud4os4r5y07xkrc7bi38iki,CFM-O-1z10r8bi5oui4ecjjpi1oh6ea,losartan,vocabulary,conc:mass:50mg,mass-only,solid-oral,oral,30,,,,,,,,complete,high,complete,isolated,losartan 50 mg solid-oral x 30 comprimido
losartan 50mg,ahumada,Losartan Potasico 50 mg x 30 Comprimidos Recubiertos,losartan|50mg|30,losartan|50mg|30|bio:true|brand:unknown|form:solid-oral,losartan-50mg#0,CFM-C-dqekzzhqtzuat9ynn3bcfw2l8,CFM-P-ec85d5bkgmdn8wxvw95khv7m8,CFM-M-bgud4os4r5y07xkrc7bi38iki,CFM-O-3fp2o3rjbdxtbe5i51vnksjuu,losartan,vocabulary,conc:mass:50mg,mass-only,solid-oral,oral,30,,,,,,,,complete,high,complete,isolated,losartan 50 mg solid-oral x 30 comprimido
losartan 50mg,araucomed,Losartan Potasico 50 mg x30com. (Hospifarma),losartan|50mg|30,losartan|50mg|30|bio:unknown|brand:hospifarma|form:solid-oral,losartan-50mg#1,CFM-C-dqekzzhqtzuat9ynn3bcfw2l8,CFM-P-ec85d5bkgmdn8wxvw95khv7m8,CFM-M-7fi86x5pc7c4jpattn1o75j6g,CFM-O-3c49q2pj7mdzf0wkbnwe9v8ce,losartan,vocabulary,conc:mass:50mg,mass-only,solid-oral,oral,30,,,,,,Hospifarma,,complete,high,complete,isolated,losartan 50 mg solid-oral x 30
losartan 50mg,araucomed,Losartan Potasico 50 mg x 30 comprimidos. (Opko),losartan|50mg|30,losartan|50mg|30|bio:unknown|brand:opko|form:solid-oral,losartan-50mg#2,CFM-C-dqekzzhqtzuat9ynn3bcfw2l8,CFM-P-ec85d5bkgmdn8wxvw95khv7m8,CFM-M-5exdt6hncgkrlmp23p7yvd9u7,CFM-O-6khk1z1p7clzz5spp72ib7nk1,losartan,vocabulary,conc:mass:50mg,mass-only,solid-oral,oral,30,,,,,,Opko,,complete,high,complete,isolated,losartan 50 mg solid-oral x 30 comprimido
losartan 50mg,araucomed,Losartan Potasico 50 mg x30com. (Mintlab),losartan|50mg|30,losartan|50mg|30|bio:unknown|brand:mintlab|form:solid-oral,losartan-50mg#3,CFM-C-dqekzzhqtzuat9ynn3bcfw2l8,CFM-P-ec85d5bkgmdn8wxvw95khv7m8,CFM-M-3hqp91z2fx9xph530i4mfl2mt,CFM-O-1qdun6iz1h6plncvzzq5os4ym,losartan,vocabulary,conc:mass:50mg,mass-only,solid-oral,oral,30,,,,,,Mintlab,,complete,high,complete,isolated,losartan 50 mg solid-oral x 30
losartan 50mg,araucomed,Losartan Potasico 50 mg x 30 comprimidos. (Seven Pharma),losartan|50mg|30,losartan|50mg|30|bio:unknown|brand:sevenpharma|form:solid-oral,losartan-50mg#4,CFM-C-dqekzzhqtzuat9ynn3bcfw2l8,CFM-P-ec85d5bkgmdn8wxvw95khv7m8,CFM-M-dfa4lzd70s93xqs5tsksmz9qo,CFM-O-dlfpd160n71bona64bzk0edq3,losartan,vocabulary,conc:mass:50mg,mass-only,solid-oral,oral,30,,,,,,Seven Pharma,,complete,high,complete,isolated,losartan 50 mg solid-oral x 30 comprimido
losartan 50mg,farmex,Losartan Potásico 50 mg x 30 comprimidos,losartan|50mg|30,losartan|50mg|30|bio:unknown|brand:chile|form:solid-oral,losartan-50mg#5,CFM-C-dqekzzhqtzuat9ynn3bcfw2l8,CFM-P-ec85d5bkgmdn8wxvw95khv7m8,CFM-M-bgud4os4r5y07xkrc7bi38iki,CFM-O-0rfe0qu7srcc58aeuovy81k97,losartan,vocabulary,conc:mass:50mg,mass-only,solid-oral,oral,30,,,,,,,,complete,high,complete,isolated,losartan 50 mg solid-oral x 30 comprimido
losartan 50mg,araucomed,Losartan Potasico 50 mg x 30 comprimidos. (Chile),losartan|50mg|30,losartan|50mg|30|bio:unknown|brand:chile|form:solid-oral,losartan-50mg#5,CFM-C-dqekzzhqtzuat9ynn3bcfw2l8,CFM-P-ec85d5bkgmdn8wxvw95khv7m8,CFM-M-bgud4os4r5y07xkrc7bi38iki,CFM-O-2c5238rtfpyvd7lye5vyw2rc4,losartan,vocabulary,conc:mass:50mg,mass-only,solid-oral,oral,30,,,,,,,,complete,high,complete,isolated,losartan 50 mg solid-oral x 30 comprimido
losartan 50mg,araucomed,Losartan Potasico 50 mg x 30 comprimidos. (Ascend),losartan|50mg|30,losartan|50mg|30|bio:unknown|brand:ascend|form:solid-oral,losartan-50mg#6,CFM-C-dqekzzhqtzuat9ynn3bcfw2l8,CFM-P-ec85d5bkgmdn8wxvw95khv7m8,CFM-M-aryj6ptx025v8a04ez61j80n6,CFM-O-3ejfdwq59qt2o1rnr21734upt,losartan,vocabulary,conc:mass:50mg,mass-only,solid-oral,oral,30,,,,,,Ascend,,complete,high,complete,isolated,losartan 50 mg solid-oral x 30 comprimido
losartan 50mg,araucomed,Losartan Potasico 50 mg x30com. (Eurofarma),losartan|50mg|30,losartan|50mg|30|bio:unknown|brand:eurofarma|form:solid-oral,losartan-50mg#7,CFM-C-dqekzzhqtzuat9ynn3bcfw2l8,CFM-P-ec85d5bkgmdn8wxvw95khv7m8,CFM-M-d3o1vfhzgqvm1nub3fcppqnfc,CFM-O-epuyubdhf8b7d9l0mmloy3i4m,losartan,vocabulary,conc:mass:50mg,mass-only,solid-oral,oral,30,,,,,,Eurofarma,,complete,high,complete,isolated,losartan 50 mg solid-oral x 30
losartan 50mg,salcobrand,Losartan (B) 50mg 30 Comprimidos Recubiertos,losartan|50mg|30,losartan|50mg|30|bio:unknown|brand:unknown|form:solid-oral,losartan-50mg#9,CFM-C-dqekzzhqtzuat9ynn3bcfw2l8,CFM-P-ec85d5bkgmdn8wxvw95khv7m8,CFM-M-bgud4os4r5y07xkrc7bi38iki,CFM-O-1a9rkjngfumv5ziw0jwwg02t3,losartan,vocabulary,conc:mass:50mg,mass-only,solid-oral,oral,30,,,,,,,,complete,high,complete,isolated,losartan 50 mg solid-oral x 30 comprimido
losartan 50mg,cruz-verde,Losartan Potasico 50 mg 30 Comprimidos,losartan|50mg|30,losartan|50mg|30|bio:unknown|brand:unknown|form:solid-oral,losartan-50mg#9,CFM-C-dqekzzhqtzuat9ynn3bcfw2l8,CFM-P-ec85d5bkgmdn8wxvw95khv7m8,CFM-M-bgud4os4r5y07xkrc7bi38iki,CFM-O-8ejkyia6rwxgisfkya9di6w1c,losartan,vocabulary,conc:mass:50mg,mass-only,solid-oral,oral,30,,,,,,,,complete,high,complete,isolated,losartan 50 mg solid-oral x 30 comprimido
losartan 50mg,farmex,Losartan Potásico + Hidroclorotiazida 50 mg / 12.5 mg x 30 comprimidos,losartan|50mg|30,losartan|50mg|30|bio:unknown|brand:ascend|combo:hidroclorotiazida|form:solid-oral,losartan-50mg#10,CFM-C-0bz1opxl1llzhebwkany2tp48,CFM-P-6i6pbde33tb6h295gq3jf3q7j,CFM-M-8vqzvpcrp7wxt6rq1xrume04e,CFM-O-0w27ju0um473t96d4119q916v,hidroclorotiazida+losartan,vocabulary,conc:mass:50mg,mass-only,solid-oral,oral,30,,,,,,Ascend,,complete,high,complete,isolated,hidroclorotiazida + losartan 50 mg solid-oral x 30 comprimido
losartan 50mg,ecofarmacias,Losartan Potásico + Hidroclorotiazida 50 mg/12.5 mg x 30 comp.,losartan|50mg|30,losartan|50mg|30|bio:unknown|brand:unknown|combo:hidroclorotiazida|form:solid-oral,losartan-50mg#11,CFM-C-0bz1opxl1llzhebwkany2tp48,CFM-P-6i6pbde33tb6h295gq3jf3q7j,CFM-M-1rfv678hki788l2s6rgys85b2,CFM-O-9sylw65hua12l1x1xkoov7uea,hidroclorotiazida+losartan,vocabulary,conc:mass:50mg,mass-only,solid-oral,oral,30,,,,,,,,complete,high,complete,isolated,hidroclorotiazida + losartan 50 mg solid-oral x 30 comprimido
losartan 50mg,ahumada,Losartan/Hidroclorotiazida 50 mg/12.5 mg x 30 Comprimidos Recubiertos ASCEND,losartan|50mg|30,losartan|50mg|30|bio:unknown|brand:unknown|combo:hidroclorotiazida|form:solid-oral,losartan-50mg#11,CFM-C-0bz1opxl1llzhebwkany2tp48,CFM-P-6i6pbde33tb6h295gq3jf3q7j,CFM-M-1rfv678hki788l2s6rgys85b2,CFM-O-809kefqn9yij8flnhae7av1rt,hidroclorotiazida+losartan,vocabulary,conc:mass:50mg,mass-only,solid-oral,oral,30,,,,,,,,complete,high,complete,isolated,hidroclorotiazida + losartan 50 mg solid-oral x 30 comprimido
losartan 50mg,farmex,"Losartán Potásico / Hidroclorotiazida 50 mg / 12,5 mg x 30 comprimidos",losartan|50mg|30,losartan|50mg|30|bio:unknown|brand:opko|combo:hidroclorotiazida|form:solid-oral,losartan-50mg#12,CFM-C-0bz1opxl1llzhebwkany2tp48,CFM-P-6i6pbde33tb6h295gq3jf3q7j,CFM-M-a4wsj2g3xngevhkz72ne5gnmr,CFM-O-5vmdyjw1wde8bg80b9lrpkajl,hidroclorotiazida+losartan,vocabulary,conc:mass:50mg,mass-only,solid-oral,oral,30,,,,,,Opko,,complete,high,complete,isolated,hidroclorotiazida + losartan 50 mg solid-oral x 30 comprimido
losartan 50mg,ecofarmacias,Losartan 50 mg / Hidroclorotiazida 12.5 mg x 30 Comp.,losartan|50mg|30,losartan|50mg|30|bio:true|brand:unknown|combo:hidroclorotiazida|form:solid-oral,losartan-50mg#13,CFM-C-0bz1opxl1llzhebwkany2tp48,CFM-P-6i6pbde33tb6h295gq3jf3q7j,CFM-M-1rfv678hki788l2s6rgys85b2,CFM-O-58i5bhfcckvfvch7x0j70yjys,hidroclorotiazida+losartan,vocabulary,conc:mass:50mg,mass-only,solid-oral,oral,30,,,,,,,,complete,high,complete,isolated,hidroclorotiazida + losartan 50 mg solid-oral x 30 comprimido
losartan 50mg,cruz-verde,Lopren Losartan Potasico 50 mg 30 Comprimidos Recubiertos,lopren|50mg|30,lopren|50mg|30|bio:unknown|brand:unknown|form:solid-oral,losartan-50mg#14,CFM-C-dqekzzhqtzuat9ynn3bcfw2l8,CFM-P-ec85d5bkgmdn8wxvw95khv7m8,CFM-M-35oqxwnj5tp0c43gfmawyp8q9,CFM-O-6693lcqnd6ut3lfeatzhqc7n9,losartan,vocabulary,conc:mass:50mg,mass-only,solid-oral,oral,30,,,Lopren,,,,,complete,high,complete,isolated,Lopren losartan 50 mg solid-oral x 30 comprimido
losartan 50mg,cruz-verde,Cozaar Losartan Potasico 50 mg 30 Comprimidos,cozaar|50mg|30,cozaar|50mg|30|bio:unknown|brand:unknown|form:solid-oral,losartan-50mg#15,CFM-C-dqekzzhqtzuat9ynn3bcfw2l8,CFM-P-ec85d5bkgmdn8wxvw95khv7m8,CFM-M-0dm3drhaaqucj87owgwo8n7qv,CFM-O-8cwknyxzhhg32gf5kc9b2mc3o,losartan,vocabulary,conc:mass:50mg,mass-only,solid-oral,oral,30,,,Cozaar,,,,,complete,high,complete,isolated,Cozaar losartan 50 mg solid-oral x 30 comprimido
losartan 50mg,cruz-verde,Simperten-D Losartan 50 mg 30 Comprimidos Recubierto,simpertend|50mg|30,simpertend|50mg|30|bio:unknown|brand:unknown|form:solid-oral,losartan-50mg#16,CFM-C-dqekzzhqtzuat9ynn3bcfw2l8,CFM-P-ec85d5bkgmdn8wxvw95khv7m8,CFM-M-d0wfu2fptebmnnex831jggnxc,CFM-O-cnqdncvkia0bo6n6zn4eg1gvw,losartan,vocabulary,conc:mass:50mg,mass-only,solid-oral,oral,30,,,SimpertenD,,,,,complete,high,complete,isolated,SimpertenD losartan 50 mg solid-oral x 30 comprimido
losartan 50mg,salcobrand,Corodin (B) Losartán Potásico 50mg 30 Comprimidos Recubiertos,corodin|50mg|30,corodin|50mg|30|bio:unknown|brand:corodin|form:solid-oral,losartan-50mg#20,CFM-C-dqekzzhqtzuat9ynn3bcfw2l8,CFM-P-ec85d5bkgmdn8wxvw95khv7m8,CFM-M-2krp52mswswpswmt5mgy3n17l,CFM-O-dbvsc0c5z6pxqqkw1or0s4zkj,losartan,vocabulary,conc:mass:50mg,mass-only,solid-oral,oral,30,,,Corodin,,,,,complete,high,complete,isolated,Corodin losartan 50 mg solid-oral x 30 comprimido
losartan 50mg,cruz-verde,"Hyzaar Losartan / Hidroclorotiazida 50 mg / 12,5 mg 30 Comprimidos",hyzaar|50mg|30,hyzaar|50mg|30|bio:unknown|brand:unknown|combo:hidroclorotiazida|form:solid-oral,losartan-50mg#21,CFM-C-7cqb5gck6ebybebyfbj2ocogy,CFM-P-7l6fmi1yc07mkz9hgvr7ku5cx,CFM-M-82t85zky79k6m1uf7lv5waz7i,CFM-O-8knfgm86o0d8j0n7ujjbbdfun,hidroclorotiazida+hyzaar+losartan,vocabulary+combination,conc:mass:50mg,mass-only,solid-oral,oral,30,,,,,,,,complete,high,complete,isolated,hidroclorotiazida + hyzaar + losartan 50 mg solid-oral x 30 comprimido
losartan 50mg,salcobrand,Losapres (B) Losartán 50mg 30 Comprimidos Recubiertos,losapres|50mg|30,losapres|50mg|30|bio:unknown|brand:losapres|form:solid-oral,losartan-50mg#23,CFM-C-dqekzzhqtzuat9ynn3bcfw2l8,CFM-P-ec85d5bkgmdn8wxvw95khv7m8,CFM-M-0wl23ftdmf440wyyl8e6zeurq,CFM-O-8i0jzkjimhd6v48toe4d1jtin,losartan,vocabulary,conc:mass:50mg,mass-only,solid-oral,oral,30,,,Losapres,,,,,complete,high,complete,isolated,Losapres losartan 50 mg solid-oral x 30 comprimido
losartan 50mg,cruz-verde,Corodin Losartan Potasico 50 mg 30 Comprimidos,corodin|50mg|30,corodin|50mg|30|bio:unknown|brand:unknown|form:solid-oral,losartan-50mg#24,CFM-C-dqekzzhqtzuat9ynn3bcfw2l8,CFM-P-ec85d5bkgmdn8wxvw95khv7m8,CFM-M-2krp52mswswpswmt5mgy3n17l,CFM-O-9pe9p839nxkbry3819jc7ybiq,losartan,vocabulary,conc:mass:50mg,mass-only,solid-oral,oral,30,,,Corodin,,,,,complete,high,complete,isolated,Corodin losartan 50 mg solid-oral x 30 comprimido
losartan 50mg,cruz-verde,Losapres Losartán Potásico 50 mg 30 Comprimidos Recubiertos,losapres|50mg|30,losapres|50mg|30|bio:unknown|brand:unknown|form:solid-oral,losartan-50mg#25,CFM-C-dqekzzhqtzuat9ynn3bcfw2l8,CFM-P-ec85d5bkgmdn8wxvw95khv7m8,CFM-M-0wl23ftdmf440wyyl8e6zeurq,CFM-O-cq9f25lwvegxj6shwscnthkk1,losartan,vocabulary,conc:mass:50mg,mass-only,solid-oral,oral,30,,,Losapres,,,,,complete,high,complete,isolated,Losapres losartan 50 mg solid-oral x 30 comprimido
losartan 50mg,salcobrand,Cozaar (R) Losartán 50mg 30 Comprimidos Recubiertos,cozaar|50mg|30,cozaar|50mg|30|bio:unknown|brand:cozaar|form:solid-oral,losartan-50mg#26,CFM-C-dqekzzhqtzuat9ynn3bcfw2l8,CFM-P-ec85d5bkgmdn8wxvw95khv7m8,CFM-M-0dm3drhaaqucj87owgwo8n7qv,CFM-O-0q7971otb791xumcejry2a5eu,losartan,vocabulary,conc:mass:50mg,mass-only,solid-oral,oral,30,,,Cozaar,,,,,complete,high,complete,isolated,Cozaar losartan 50 mg solid-oral x 30 comprimido
losartan 50mg,ecofarmacias,Losartan + Hidroclorotiazida 100/25 x 30 Comp Eurofarma,losartan|30,losartan|30|bio:unknown|brand:unknown|combo:hidroclorotiazida|form:solid-oral,losartan-50mg#30,CFM-C-bhjashc16kd5bzfq0pz47z85q,CFM-P-bwu3xn514kv3xbcxjpev5gw8l,CFM-M-0nfgzxkimqwl77fs1pvdkstrq,CFM-O-amn6np6ujusmz03wvz3esmn9x,hidroclorotiazida+losartan,vocabulary,conc:?,absent,solid-oral,oral,30,,,,,,,,ambiguous,ambiguous,complete,isolated,hidroclorotiazida + losartan solid-oral x 30 comprimido
losartan 50mg,salcobrand,Losartan / Hidroclorotiazida (B) 50/12.5 30 Comprimidos Recubiertos,losartan|30,losartan|30|bio:unknown|brand:unknown|combo:hidroclorotiazida|form:solid-oral,losartan-50mg#30,CFM-C-bhjashc16kd5bzfq0pz47z85q,CFM-P-bwu3xn514kv3xbcxjpev5gw8l,CFM-M-0nfgzxkimqwl77fs1pvdkstrq,CFM-O-batxf79ccgalt794i3le5xpyk,hidroclorotiazida+losartan,vocabulary,conc:?,absent,solid-oral,oral,30,,,,,,,,ambiguous,ambiguous,complete,isolated,hidroclorotiazida + losartan solid-oral x 30 comprimido
losartan 50mg,salcobrand,Hyzaar Losartán Potásico / Hidroclorotiazida 30 Comprimidos Recubiertos,hyzaar|30,hyzaar|30|bio:unknown|brand:hyzaar|combo:hidroclorotiazida|form:solid-oral,losartan-50mg#36,CFM-C-7cqb5gck6ebybebyfbj2ocogy,CFM-P-7l6fmi1yc07mkz9hgvr7ku5cx,CFM-M-2qzc80vwqmnl6x2t0n3iy86ge,CFM-O-3kp4y12l3i4dwztl1qbktogn2,hidroclorotiazida+hyzaar+losartan,vocabulary+combination,conc:?,absent,solid-oral,oral,30,,,Hyzaar,,,,,subsumed,medium,complete,isolated,Hyzaar hidroclorotiazida + hyzaar + losartan solid-oral x 30 comprimido
losartan 50mg,salcobrand,Hyzaar Forte Hidroclorotiazida / Losartán 30 Comprimidos Recubiertos,hyzaar|30,hyzaar|30|bio:unknown|brand:hyzaar|combo:losartan|form:solid-oral,losartan-50mg#37,CFM-C-7cqb5gck6ebybebyfbj2ocogy,CFM-P-7l6fmi1yc07mkz9hgvr7ku5cx,CFM-M-2qzc80vwqmnl6x2t0n3iy86ge,CFM-O-b6ctv72u3qqshr7s3ts2og3m7,hidroclorotiazida+hyzaar+losartan,vocabulary+combination,conc:?,absent,solid-oral,oral,30,,,Hyzaar,,,,,subsumed,medium,complete,isolated,Hyzaar hidroclorotiazida + hyzaar + losartan solid-oral x 30 comprimido
paracetamol 500mg,dr-simi,Tapsin InstaFLU día paracetamol 500 mg pseudoefedrina 60 mg 1 sobre polvo para solución oral 5 g,tapsin|500mg|d,tapsin|500mg|d|bio:false|brand:maver|var:instaflu|form:fluid-oral,paracetamol-500mg#12,CFM-C-esqwm3kd5lkpanvl6ihr5j5y1,CFM-P-coa0a92b0v4y3vleld273hn8v,CFM-M-3lbwgyab3ssf3uo7yuews5hjt,CFM-O-37r3qst45mxce0p68s70qzobk,paracetamol+pseudoefedrina,vocabulary,conc:mass:500mg,mass-only,fluid-oral,oral,1,,,Tapsin,instaflu,day,Maver,,complete,high,isolated,isolated,Tapsin paracetamol + pseudoefedrina instaflu 500 mg fluid-oral x 1 sobre
paracetamol 500mg,farmex,Tapsin Puro Paracetamol 500 mg x 16 comprimidos,tapsin|500mg|16,tapsin|500mg|16|bio:unknown|brand:maver|var:puro|form:solid-oral,paracetamol-500mg#13,CFM-C-4cq5syvx92r4awzhdy9nk7b03,CFM-P-1pc7ual56uikk4tth066kavfo,CFM-M-91dywxjpgnzkglya20zwgshy6,CFM-O-3a3lsscds4827rrlaq5pvvcom,paracetamol,vocabulary,conc:mass:500mg,mass-only,solid-oral,oral,16,,,Tapsin,puro,,Maver,,complete,high,complete,isolated,Tapsin paracetamol puro 500 mg solid-oral x 16 comprimido
paracetamol 500mg,dr-simi,Tapsin paracetamol 500 mg 24 comprimidos,tapsin|500mg|24,tapsin|500mg|24|bio:true|brand:maver|form:solid-oral,paracetamol-500mg#15,CFM-C-4cq5syvx92r4awzhdy9nk7b03,CFM-P-31ki3dvov147626rla3icwr0d,CFM-M-3ew1gd14605nt1n4s77yv5eqg,CFM-O-9v209fx1e5ctwupeekg71fxzi,paracetamol,vocabulary,conc:mass:500mg,mass-only,solid-oral,oral,24,,,Tapsin,,,Maver,,complete,high,complete,isolated,Tapsin paracetamol 500 mg solid-oral x 24 comprimido
paracetamol 500mg,cruz-verde,Tapsin Puro Sin Cafeina Paracetamol 500 mg 16 Comprimidos,tapsin|500mg|16,tapsin|500mg|16|bio:unknown|brand:unknown|var:puro|form:solid-oral,paracetamol-500mg#16,CFM-C-4cq5syvx92r4awzhdy9nk7b03,CFM-P-1pc7ual56uikk4tth066kavfo,CFM-M-ea44iw68uvhgar3vosar1l3il,CFM-O-apqspf24t2qlcsnsszvzld7ho,paracetamol,vocabulary,conc:mass:500mg,mass-only,solid-oral,oral,16,,,Tapsin,puro,,,,complete,high,complete,isolated,Tapsin paracetamol puro 500 mg solid-oral x 16 comprimido
paracetamol 500mg,ecofarmacias,Tapsin Puro Sin Cafeina Paracetamol 500 mg x 16 Comprimidos,tapsin|500mg|16,tapsin|500mg|16|bio:true|brand:unknown|var:puro|form:solid-oral,paracetamol-500mg#17,CFM-C-4cq5syvx92r4awzhdy9nk7b03,CFM-P-1pc7ual56uikk4tth066kavfo,CFM-M-ea44iw68uvhgar3vosar1l3il,CFM-O-6dsszd3juoqrmkv6hvcd4uib2,paracetamol,vocabulary,conc:mass:500mg,mass-only,solid-oral,oral,16,,,Tapsin,puro,,,,complete,high,complete,isolated,Tapsin paracetamol puro 500 mg solid-oral x 16 comprimido
paracetamol 500mg,ahumada,Tapsin Puro Sin Cafeina 500 mg x 24 Comprimidos,tapsin|500mg|24,tapsin|500mg|24|bio:true|brand:unknown|var:puro|form:solid-oral,paracetamol-500mg#21,CFM-C-eq8y39vf8w8ppriqsebyvu3dh,CFM-P-cmacpob5dv6sz9n6ppozib23b,CFM-M-36kzy2xc6gry075wobox3filn,CFM-O-8yg8jkdq8pdnd953dgow5fjhs,tapsin,unresolved-head,conc:mass:500mg,mass-only,solid-oral,oral,24,,,,puro,,,,complete,high,complete,isolated,tapsin puro 500 mg solid-oral x 24 comprimido
paracetamol 500mg,araucomed,Tapsin Forte x 30 comprimidos,tapsin|30,tapsin|30|bio:unknown|brand:maver|var:forte|form:solid-oral,paracetamol-500mg#36,CFM-C-59ew0lfqswh7d64yft50r9ro3,CFM-P-dwf6tpu7eigv9x1n3hzwfk46i,CFM-M-dq2sa9ynwmakpv0vp5lp19r89,CFM-O-b9hb8f1iqv9lthbh165i251oh,tapsin,unresolved-head,conc:?,absent,solid-oral,oral,30,,,,forte,,Maver,,ambiguous,ambiguous,complete,isolated,tapsin forte solid-oral x 30 comprimido
paracetamol 500mg,salcobrand,Tapsin Forte (B) Paracetamol  20 Comprimidos Recubiertos,tapsin|20,tapsin|20|bio:unknown|brand:tapsinforte|var:forte|form:solid-oral,paracetamol-500mg#41,CFM-C-57rr198m6w4pgnjtu2b8owsjp,CFM-P-2xf40xuz4twk6tkk0wohbggyx,CFM-M-0g1xo2m9cfsk9ovga0rvb9b64,CFM-O-5jloj43776mm6pz43bpf4eby3,paracetamol,vocabulary,conc:?,absent,solid-oral,oral,20,,,Tapsin Forte,forte,,,,ambiguous,ambiguous,complete,isolated,Tapsin Forte paracetamol forte solid-oral x 20 comprimido
paracetamol 500mg,easyfarma,Paracetamol/Tramadol...,paracetamol,paracetamol|bio:unknown|brand:unknown|combo:tramadol,paracetamol-500mg#42,CFM-C-c6o03cfc761uek7kak68gnmkt,CFM-P-7xe99lfc57om1x0fcsaa9yfp3,CFM-M-1hsxwwqtdckuoxdp5r4o1jnpx,CFM-O-21dyqcxrl6i09an4ltmcoy1ua,paracetamol+tramadol,vocabulary+combination,conc:?,absent,,,,,,,,,,,ambiguous,ambiguous,isolated,isolated,paracetamol + tramadol
paracetamol 500mg,salcobrand,Tapsin Limonada (B) Paracetamol Día 5g,tapsin|5000mg|d,tapsin|5000mg|d|bio:unknown|brand:tapsin|var:limonada,paracetamol-500mg#48,CFM-C-67tu8fmsxqmq5990zoss22m44,CFM-P-e0zpnjd7728p4jjh7zpf0mnvs,CFM-M-8xgyczhjl1wwgsscejzv0s3ft,CFM-O-299v37eylpmx4bwdg2t8dqf67,paracetamol,vocabulary,conc:mass:5000mg,mass-only,,,,,,Tapsin,limonada,day,,,isolated,low,isolated,isolated,Tapsin paracetamol limonada 5 g
paracetamol 500mg,dr-simi,Tapsin infantil paracetamol 160 mg 16 comprimidos masticables infantil,tapsin|160mg|16,tapsin|160mg|16|bio:false|brand:maver|var:infantil|form:solid-oral,paracetamol-500mg#66,CFM-C-bg65744nhsv5i3cai85iq82up,CFM-P-d7ka48d7x6qo4wit2xn3oo46x,CFM-M-clrrmqpfo3intlwcedo5o59kv,CFM-O-f439e1tr7l54pdhyk8ragl0tp,paracetamol,vocabulary,conc:mass:160mg,mass-only,solid-oral,oral,16,,,Tapsin,infantil,,Maver,,complete,high,complete,isolated,Tapsin paracetamol infantil 160 mg solid-oral x 16 comprimido
paracetamol 500mg,ahumada,Tapsin 160 mg x 16 Comprimidos Masticables,tapsin|160mg|16,tapsin|160mg|16|bio:unknown|brand:unknown|form:solid-oral,paracetamol-500mg#70,CFM-C-5u92sucg978o3qr7bu47j5wyf,CFM-P-6hs6t5l2ilocomag90jvsu9tl,CFM-M-ap884dmojwl1vsgmlwto3284n,CFM-O-85yjkywxsjpc4yc3tsvaxx7h5,tapsin,unresolved-head,conc:mass:160mg,mass-only,solid-oral,oral,16,,,,,,,,complete,high,complete,isolated,tapsin 160 mg solid-oral x 16 comprimido
paracetamol 500mg,ecofarmacias,Tapsin Paracetamol 100 mg/ml Gotas x 15 mL,tapsin|15ml|15,tapsin|15ml|15|bio:unknown|brand:unknown|form:fluid-oral,paracetamol-500mg#76,CFM-C-bdkq1g0daknvik51w9fn4a1xv,CFM-P-4aio512ohedfd5xth3f92ltxo,CFM-M-6h1gv04mtfnmdnpth7r1vpydx,CFM-O-1g6q8m2puxpvifuzwkp2mfjyp,paracetamol,vocabulary,conc:ratio:100mg/ml,ratio,fluid-oral,oral,,15ml,,Tapsin,,,,,complete,high,isolated,isolated,Tapsin paracetamol 100 mg/ml fluid-oral 15 ml
paracetamol 500mg,salcobrand,Tapsin Infantil Gotas (B) Paracetamol 15ml,tapsin|15ml,tapsin|15ml|bio:unknown|brand:tapsin|var:infantil|form:fluid-oral,paracetamol-500mg#85,CFM-C-6oner1my1t0etgjunuvccc7sy,CFM-P-8akoruev8xornr6hzzqiilkz4,CFM-M-cxo3i6tkonvgcg9celp7y1gan,CFM-O-dz4nzsynpomsgjlj5qpryohm0,paracetamol,vocabulary,conc:?,absent,fluid-oral,oral,,15ml,,Tapsin,infantil,,,,ambiguous,ambiguous,isolated,isolated,Tapsin paracetamol infantil fluid-oral 15 ml
paracetamol 500mg,araucomed,Tapsin Infantil 120mg/5ml jarabe x 100 ml.,tapsin|100ml|100,tapsin|100ml|100|bio:unknown|brand:maver|var:infantil|form:fluid-oral,paracetamol-500mg#89,CFM-C-4a3h46vowz4ut986rota9h5ia,CFM-P-8gzd7609zwk3lplej8hjk1ki1,CFM-M-0d95m5lzh2dpa7o0cmizxiqj6,CFM-O-1clbc5dkad27ooqk3xrnl64vk,tapsin,unresolved-head,conc:ratio:24mg/ml,ratio,fluid-oral,oral,,100ml,,,infantil,,Maver,,complete,high,isolated,isolated,tapsin infantil 120 mg/5 ml fluid-oral 100 ml
paracetamol 500mg,cruz-verde,Tapsin 1000 SC Paracetamol 1000 mg 20 Comprimidos Recubiertos,tapsin|1000mg|20,tapsin|1000mg|20|bio:unknown|brand:unknown|var:sc|form:solid-oral,paracetamol-500mg#109,CFM-C-0sjer6rdikp53mjocbyyl2iaf,CFM-P-eiyoh04cswuj7gq4knyg5ybnn,CFM-M-8sprb8xlszi5xknro2yu9laug,CFM-O-1lvkixc5rlmce4dojvon1o4nz,paracetamol,vocabulary,conc:mass:1000mg,mass-only,solid-oral,oral,20,,,Tapsin,sc,,,,complete,high,complete,isolated,Tapsin paracetamol sc 1000 mg solid-oral x 20 comprimido
paracetamol 500mg,ecofarmacias,Tapsin infantil paracetamol 120mg/5ml jarabe 100ml,tapsin|100ml,tapsin|100ml|bio:unknown|brand:unknown|var:infantil|form:fluid-oral,paracetamol-500mg#115,CFM-C-4csvr21wbecx258298hthiyl0,CFM-P-3c0mxoqe8ytkjwxgcquh8sod7,CFM-M-9dymz498ax3867gpizgmzvpyj,CFM-O-2af65xyv4tw95y8u9stxyu32d,paracetamol,vocabulary,conc:ratio:24mg/ml,ratio,fluid-oral,oral,,100ml,,Tapsin,infantil,,,,complete,high,isolated,isolated,Tapsin paracetamol infantil 120 mg/5 ml fluid-oral 100 ml
tapsin,araucomed,Tapsin Forte x 20 comprimidos,tapsin|20,tapsin|20|bio:unknown|brand:maver|var:forte|form:solid-oral,tapsin#58,CFM-C-59ew0lfqswh7d64yft50r9ro3,CFM-P-f2p3mzot201e4mnxhqvdx4ej7,CFM-M-2snbp8m8ppdqzff6h1fvxij89,CFM-O-63jzcm4uqmh2wq7e74989zadc,tapsin,unresolved-head,conc:?,absent,solid-oral,oral,20,,,,forte,,,,ambiguous,ambiguous,complete,isolated,tapsin forte solid-oral x 20 comprimido
tapsin,farmex,Tapsin Forte x 20 comprimidos,tapsin|20,tapsin|20|bio:unknown|brand:maver|var:forte|form:solid-oral,tapsin#58,CFM-C-59ew0lfqswh7d64yft50r9ro3,CFM-P-f2p3mzot201e4mnxhqvdx4ej7,CFM-M-2snbp8m8ppdqzff6h1fvxij89,CFM-O-c3zuhcobauejstjtett9ok56i,tapsin,unresolved-head,conc:?,absent,solid-oral,oral,20,,,,forte,,,,ambiguous,ambiguous,complete,isolated,tapsin forte solid-oral x 20 comprimido
tapsin,ecofarmacias,Tapsin Forte X 20 comprimidos (Maver),tapsin|20,tapsin|20|bio:unknown|brand:unknown|var:forte|form:solid-oral,tapsin#79,CFM-C-59ew0lfqswh7d64yft50r9ro3,CFM-P-f2p3mzot201e4mnxhqvdx4ej7,CFM-M-2snbp8m8ppdqzff6h1fvxij89,CFM-O-cj87ifn5ji1r2gd8o9bytkcca,tapsin,unresolved-head,conc:?,absent,solid-oral,oral,20,,,,forte,,,,ambiguous,ambiguous,complete,isolated,tapsin forte solid-oral x 20 comprimido
tapsin,ahumada,Tapsin Forte x 20 Comprimidos Recubiertos,tapsin|20,tapsin|20|bio:unknown|brand:unknown|var:forte|form:solid-oral,tapsin#79,CFM-C-59ew0lfqswh7d64yft50r9ro3,CFM-P-f2p3mzot201e4mnxhqvdx4ej7,CFM-M-2snbp8m8ppdqzff6h1fvxij89,CFM-O-1f15imk1ebnql2q975wxbropq,tapsin,unresolved-head,conc:?,absent,solid-oral,oral,20,,,,forte,,,,ambiguous,ambiguous,complete,isolated,tapsin forte solid-oral x 20 comprimido
tapsin,cruz-verde,Tapsin Paracetamol 100 mg/ml Gotas 15 mL,tapsin|15ml,tapsin|15ml|bio:unknown|brand:unknown|form:fluid-oral,tapsin#99,CFM-C-bdkq1g0daknvik51w9fn4a1xv,CFM-P-4aio512ohedfd5xth3f92ltxo,CFM-M-6h1gv04mtfnmdnpth7r1vpydx,CFM-O-636h305pfp9h4gl3ngqh9bxbl,paracetamol,vocabulary,conc:ratio:100mg/ml,ratio,fluid-oral,oral,,15ml,,Tapsin,,,,,complete,high,isolated,isolated,Tapsin paracetamol 100 mg/ml fluid-oral 15 ml
tapsin,ecofarmacias,Tapsin SC Paracetamol 1 gr x 20 Comprimidos,tapsin|20,tapsin|20|bio:unknown|brand:unknown|var:sc|form:solid-oral,tapsin#122,CFM-C-0sjer6rdikp53mjocbyyl2iaf,CFM-P-eiyoh04cswuj7gq4knyg5ybnn,CFM-M-8sprb8xlszi5xknro2yu9laug,CFM-O-37a364lomea6jycf4wdh44chs,paracetamol,vocabulary,conc:mass:1000mg,mass-only,solid-oral,oral,20,,,Tapsin,sc,,,,complete,high,complete,isolated,Tapsin paracetamol sc 1 g solid-oral x 20 comprimido
tapsin,salcobrand,Tapsin Infantil Paracetamol 120mg/5ml Jarabe 100ml,tapsin|100ml,tapsin|100ml|bio:unknown|brand:tapsin|var:infantil|form:fluid-oral,tapsin#128,CFM-C-4csvr21wbecx258298hthiyl0,CFM-P-3c0mxoqe8ytkjwxgcquh8sod7,CFM-M-9dymz498ax3867gpizgmzvpyj,CFM-O-d1m3zl2ywdn4ctm8ka40gqvi0,paracetamol,vocabulary,conc:ratio:24mg/ml,ratio,fluid-oral,oral,,100ml,,Tapsin,infantil,,,,complete,high,isolated,isolated,Tapsin paracetamol infantil 120 mg/5 ml fluid-oral 100 ml