classification,query,generatedURL,sourcePresentationKey,resolvedPresentationKey,resolverSearchQuery
RESOLVED_EXACT,tapsin,/medicamento/tapsin-forte-tira-x-6com-1u7l8dyqv42t,tapsin|6|bio:unknown|brand:maver|var:forte|form:solid-oral,tapsin|6|bio:unknown|brand:maver|var:forte|form:solid-oral,"tapsin forte tira x 6com"
NOT_FOUND,tapsin,/medicamento/tapsin-x-6-comprimidos-noche-maver-3a14ey6g56zgt,tapsin|n|6|bio:unknown|brand:unknown|form:solid-oral,,"tapsin x 6 comprimidos noche maver"
NOT_FOUND,tapsin,/medicamento/tapsin-x-6-comprimidos-maver-jfz5p0p85x6n,tapsin|6|bio:unknown|brand:unknown|form:solid-oral,,"tapsin x 6 comprimidos maver"
NOT_FOUND,tapsin,/medicamento/tapsin-forte-x-6-comprimidos-recubiertos-2tz36rk5hze2s,tapsin|6|bio:unknown|brand:unknown|var:forte|form:solid-oral,,"tapsin forte x 6 comprimidos recubiertos"
RESOLVED_EXACT,tapsin,/medicamento/tapsin-periodo-x30com-3jcmwvvie7ady,tapsin|30|bio:unknown|brand:maver|var:periodo|form:solid-oral,tapsin|30|bio:unknown|brand:maver|var:periodo|form:solid-oral,"tapsin periodo x30com"
RESOLVED_EXACT,tapsin,/medicamento/tapsin-limonada-dia-x5g-1mo7oeof5avuk,tapsin|5000mg|d|5|bio:unknown|brand:maver|var:limonada,tapsin|5000mg|d|5|bio:unknown|brand:maver|var:limonada,"tapsin limonada dia x5g"
RESOLVED_EXACT,tapsin,/medicamento/tapsin-plus-caliente-dia-limonada-antigripal-x-5-gramos-u97c37f6fpqu,tapsin|d|5|bio:unknown|brand:maver|var:plus,tapsin|d|5|bio:unknown|brand:maver|var:plus,"tapsin plus caliente dia limonada antigripal x 5 gramos"
RESOLVED_EXACT,tapsin,/medicamento/tapsin-plus-limonada-noche-x5g-xeuvptn7baz7,tapsin|5000mg|n|5|bio:unknown|brand:maver|var:plus,tapsin|5000mg|n|5|bio:unknown|brand:maver|var:plus,"tapsin plus limonada noche x5g"
AMBIGUOUS,ambroxol,/medicamento/ambroxol-30mg-5ml-jarabe-100ml-368kw3kmwe8r5,ambroxol|100ml|bio:unknown|brand:unknown|form:fluid-oral,,"ambroxol 30mg 5ml jarabe 100ml"
AMBIGUOUS,ambroxol,/medicamento/ambroxol-15-mg-5ml-jarabe-100-ml-368kw3kmwe8r5,ambroxol|100ml|bio:unknown|brand:unknown|form:fluid-oral,,"ambroxol 15 mg 5ml jarabe 100 ml"
RESOLVED_EXACT,ambroxol,/medicamento/muxol-adulto-30mg-5ml-jarabe-100ml-ouqw7x1crum0,muxol|100ml|bio:unknown|brand:unknown|form:fluid-oral,muxol|100ml|bio:unknown|brand:unknown|form:fluid-oral,"muxol adulto 30mg 5ml jarabe 100ml"
RESOLVED_EXACT,ambroxol,/medicamento/muxol-ambroxol-15mg-5ml-jarabe-100ml-ouqw7x1crum0,muxol|100ml|bio:unknown|brand:unknown|form:fluid-oral,muxol|100ml|bio:unknown|brand:unknown|form:fluid-oral,"muxol ambroxol 15mg 5ml jarabe 100ml"
RESOLVED_EXACT,ambroxol,/medicamento/tocalm-infantil-15mg-5ml-jarabe-100-ml-2i7n8kpu9ov4x,tocalm|100ml|bio:unknown|brand:unknown|var:infantil|form:fluid-oral,tocalm|100ml|bio:unknown|brand:unknown|var:infantil|form:fluid-oral,"tocalm infantil 15mg 5ml jarabe 100 ml"
RESOLVED_EXACT,ambroxol,/medicamento/ambroxol-30mg-5ml-jarabe-adulto-100-ml-ascend-3mqgnluijnzbx,ambroxol|100ml|bio:unknown|brand:ascend|form:fluid-oral,ambroxol|100ml|bio:unknown|brand:ascend|form:fluid-oral,"ambroxol 30mg 5ml jarabe adulto 100 ml ascend"
RESOLVED_EXACT,ambroxol,/medicamento/ambroxol-30mg-5ml-jarabe-adulto-100ml-andromaco-2hv956i1zu4np,ambroxol|100ml|bio:unknown|brand:andromaco|form:fluid-oral,ambroxol|100ml|bio:unknown|brand:andromaco|form:fluid-oral,"ambroxol 30mg 5ml jarabe adulto 100ml andromaco"
RESOLVED_EXACT,ambroxol,/medicamento/ambroxol-15mg-5ml-jarabe-100ml-eurofarma-2jl2o7cp50jkf,ambroxol|100ml|bio:unknown|brand:eurofarma|form:fluid-oral,ambroxol|100ml|bio:unknown|brand:eurofarma|form:fluid-oral,"ambroxol 15mg 5ml jarabe 100ml eurofarma"
AMBIGUOUS,ibuprofeno,/medicamento/ibuprofeno-200mg-5ml-jarabe-100ml-m4nvlyflclg,ibuprofeno|100ml|bio:unknown|brand:unknown|form:fluid-oral,,"ibuprofeno 200mg 5ml jarabe 100ml"
AMBIGUOUS,ibuprofeno,/medicamento/ibuprofeno-100-mg-5ml-suspension-100-ml-m4nvlyflclg,ibuprofeno|100ml|bio:unknown|brand:unknown|form:fluid-oral,,"ibuprofeno 100 mg 5ml suspension 100 ml"
AMBIGUOUS,ibuprofeno,/medicamento/pyriped-ibuprofeno-100mg-5ml-jarabe-100ml-3c0qa7pxe6dpm,pyriped|100ml|bio:unknown|brand:unknown|form:fluid-oral,,"pyriped ibuprofeno 100mg 5ml jarabe 100ml"
AMBIGUOUS,ibuprofeno,/medicamento/pyriped-ibuprofeno-suspension-oral-200mg-5ml-100ml-3c0qa7pxe6dpm,pyriped|100ml|bio:unknown|brand:unknown|form:fluid-oral,,"pyriped ibuprofeno suspension oral 200mg 5ml 100ml"
RESOLVED_EXACT,ibuprofeno,/medicamento/ibuprofeno-b-400mg-20-comprimidos-jikmou816ztd,ibuprofeno|400mg|20|bio:unknown|brand:unknown|form:solid-oral,ibuprofeno|400mg|20|bio:unknown|brand:unknown|form:solid-oral,"ibuprofeno b 400mg 20 comprimidos"
RESOLVED_EXACT,ibuprofeno,/medicamento/ibuprofeno-400mg-20-comprimidos-ux99uorm4w5z,ibuprofeno|400mg|20|bio:true|brand:unknown|form:solid-oral,ibuprofeno|400mg|20|bio:true|brand:unknown|form:solid-oral,"ibuprofeno 400mg 20 comprimidos"
RESOLVED_EXACT,ibuprofeno,/medicamento/ibuprofeno-400-mg-20-comprimidos-jxkx67btyr39,ibuprofeno|400mg|20|bio:true|brand:teva|form:solid-oral,ibuprofeno|400mg|20|bio:true|brand:teva|form:solid-oral,"ibuprofeno 400 mg 20 comprimidos"
RESOLVED_EXACT,ibuprofeno,/medicamento/ibuprofeno-400-mg-x-20-comprimidos-chile-1j9s9xgccjjs6,ibuprofeno|400mg|20|bio:unknown|brand:chile|form:solid-oral,ibuprofeno|400mg|20|bio:unknown|brand:chile|form:solid-oral,"ibuprofeno 400 mg x 20 comprimidos chile"
RESOLVED_WRONG_PRODUCT,betametasona,/medicamento/cam-jarabe-betametasona-0-25-mg-120-ml-lab-chile-3ga6d51u692vz,cam|120ml|bio:unknown|brand:unknown|var:betametasona|form:fluid-oral,cam|120ml|bio:unknown|brand:unknown|var:betametasona|form:fluid-oral,"cam jarabe betametasona 0 25 mg 120 ml lab chile"
RESOLVED_EXACT,betametasona,/medicamento/cam-betametasona-2-mg-jarabe-120-ml-3ga6d51u692vz,cam|120ml|bio:unknown|brand:unknown|var:betametasona|form:fluid-oral,cam|120ml|bio:unknown|brand:unknown|var:betametasona|form:fluid-oral,"cam betametasona 2 mg jarabe 120 ml"
NOT_FOUND,betametasona,/medicamento/betametasona-4-mg-ml-solucion-inyectable-x-1-ampolla-biosano-144ewvkka39oo,betametasona|4mg|bio:unknown|brand:biosano|form:injectable,,"betametasona 4 mg ml solucion inyectable x 1 ampolla biosano"
RESOLVED_EXACT,betametasona,/medicamento/betamec-betametasona-0-05-crema-15-gr-2sujqpawgw2gk,betamec|bio:unknown|brand:unknown|var:betametasona|form:topical,betamec|bio:unknown|brand:unknown|var:betametasona|form:topical,"betamec betametasona 0 05 crema 15 gr"
NOT_FOUND,betametasona,/medicamento/betametasona-0-05-ung-uuml-ento-topico-pomo-15-g-chile-y6p4hcbo3ye8,betametasona|15000mg|bio:unknown|brand:unknown|var:uuml|form:topical,,"betametasona 0 05 ung uuml ento topico pomo 15 g chile"
RESOLVED_EXACT,betametasona,/medicamento/betametasona-0-05-crema-topica-15-g-1cbm1zs7kpzj6,betametasona|15000mg|bio:false|brand:opko|form:topical,betametasona|15000mg|bio:false|brand:opko|form:topical,"betametasona 0 05 crema topica 15 g"
RESOLVED_EXACT,betametasona,/medicamento/clotrimazol-betametasona-crema-dermica-x-15-g-opko-22rhq6qmay50g,clotrimazol|15000mg|15|bio:unknown|brand:unknown|combo:betametasona|form:topical,clotrimazol|15000mg|15|bio:unknown|brand:unknown|combo:betametasona|form:topical,"clotrimazol betametasona crema dermica x 15 g opko"
RESOLVED_EXACT,betametasona,/medicamento/clotrimazol-betametasona-crema-15g-60ebh7v9gdbo,clotrimazol|15000mg|bio:unknown|brand:unknown|combo:betametasona|form:topical,clotrimazol|15000mg|bio:unknown|brand:unknown|combo:betametasona|form:topical,"clotrimazol betametasona crema 15g"
RESOLVED_EXACT,diclofenaco,/medicamento/diclofenaco-sodico-50-mg-x-10-comprimidos-baden-26o63xhhny3xf,diclofenaco|50mg|10|bio:unknown|brand:unknown|form:solid-oral,diclofenaco|50mg|10|bio:unknown|brand:unknown|form:solid-oral,"diclofenaco sodico 50 mg x 10 comprimidos baden"
RESOLVED_EXACT,diclofenaco,/medicamento/diclofenaco-50-mg-x-10-comprimidos-opko-chile-s-a-1ccrx2s3vow2p,diclofenaco|50mg|10|bio:true|brand:unknown|form:solid-oral,diclofenaco|50mg|10|bio:true|brand:unknown|form:solid-oral,"diclofenaco 50 mg x 10 comprimidos opko chile s a"
RESOLVED_EXACT,diclofenaco,/medicamento/diclofenaco-50-mg-10-comprimidos-con-recubrimiento-enterico-2vpq54n83amlm,diclofenaco|50mg|10|bio:false|brand:andromaco|form:solid-oral,diclofenaco|50mg|10|bio:false|brand:andromaco|form:solid-oral,"diclofenaco 50 mg 10 comprimidos con recubrimiento enterico"
RESOLVED_EXACT,diclofenaco,/medicamento/diclofenaco-50-mg-x-10-3jqa27a0x1ofh,diclofenaco|50mg|10|bio:unknown|brand:unknown,diclofenaco|50mg|10|bio:unknown|brand:unknown,"diclofenaco 50 mg x 10"
RESOLVED_EXACT,diclofenaco,/medicamento/diclofenaco-sodico-50-mg-x-10-comprimidos-andromaco-35ykcwx006i17,diclofenaco|50mg|10|bio:unknown|brand:andromaco|form:solid-oral,diclofenaco|50mg|10|bio:unknown|brand:andromaco|form:solid-oral,"diclofenaco sodico 50 mg x 10 comprimidos andromaco"
RESOLVED_EXACT,diclofenaco,/medicamento/diclofenaco-sodico-100mg-x-8-comprimidos-curaespring-19ts7ozjxpc0u,diclofenaco|100mg|8|bio:unknown|brand:unknown|form:solid-oral,diclofenaco|100mg|8|bio:unknown|brand:unknown|form:solid-oral,"diclofenaco sodico 100mg x 8 comprimidos curaespring"
NOT_FOUND,diclofenaco,/medicamento/diclofenaco-retard-100-mg-x-8-capsulas-opko-1l4aourepmu3b,diclofenaco|100mg|8|bio:unknown|brand:unknown|var:retard|form:solid-oral,,"diclofenaco retard 100 mg x 8 capsulas opko"
RESOLVED_EXACT,diclofenaco,/medicamento/diclofenaco-100-mg-8-capsulas-con-granulos-recubiertos-de-liberacion-prolongada-2ca9r2ymd51af,diclofenaco|100mg|8|bio:false|brand:andromaco|form:solid-oral,diclofenaco|100mg|8|bio:false|brand:andromaco|form:solid-oral,"diclofenaco 100 mg 8 capsulas con granulos recubiertos de liberacion prolongada"
RESOLVED_EXACT,amoxicilina,/medicamento/amoxicilina-250-mg-5-ml-jarabe-x-60-ml-2mkpb9ahqp3r2,amoxicilina|60ml|60|bio:unknown|brand:unknown|form:fluid-oral,amoxicilina|60ml|60|bio:unknown|brand:unknown|form:fluid-oral,"amoxicilina 250 mg 5 ml jarabe x 60 ml"
RESOLVED_EXACT,amoxicilina,/medicamento/amoxicilina-250mg-5ml-jarabe-60ml-fc8vyaeihf5g,amoxicilina|60ml|bio:unknown|brand:unknown|form:fluid-oral,amoxicilina|60ml|bio:unknown|brand:unknown|form:fluid-oral,"amoxicilina 250mg 5ml jarabe 60ml"
RESOLVED_EXACT,amoxicilina,/medicamento/amoxicilina-250-mg-5-ml-polvo-para-suspension-oral-60-ml-35ksw53ai7wxr,amoxicilina|60ml|bio:false|brand:hospifarma|form:fluid-oral,amoxicilina|60ml|bio:false|brand:hospifarma|form:fluid-oral,"amoxicilina 250 mg 5 ml polvo para suspension oral 60 ml"
RESOLVED_EXACT,amoxicilina,/medicamento/amoxicilina-500-mg-x-21-capsulas-mintlab-3p3eyxbbgyfcb,amoxicilina|500mg|21|bio:unknown|brand:mintlab|form:solid-oral,amoxicilina|500mg|21|bio:unknown|brand:mintlab|form:solid-oral,"amoxicilina 500 mg x 21 capsulas mintlab"
RESOLVED_EXACT,amoxicilina,/medicamento/amoxicilina-750-mg-x-10-comprimidos-1xe4llngz6thm,amoxicilina|750mg|10|bio:unknown|brand:mintlab|form:solid-oral,amoxicilina|750mg|10|bio:unknown|brand:mintlab|form:solid-oral,"amoxicilina 750 mg x 10 comprimidos"
RESOLVED_EXACT,amoxicilina,/medicamento/amoxicilina-500-mg-5-ml-polvo-para-suspension-oral-60-ml-2nqprjtiwux1a,amoxicilina|60ml|bio:false|brand:opko|form:fluid-oral,amoxicilina|60ml|bio:false|brand:opko|form:fluid-oral,"amoxicilina 500 mg 5 ml polvo para suspension oral 60 ml"
RESOLVED_EXACT,amoxicilina,/medicamento/amoxicilina-500mg-21-comprimidos-2l909dg1e8bbm,amoxicilina|500mg|21|bio:true|brand:unknown|form:solid-oral,amoxicilina|500mg|21|bio:true|brand:unknown|form:solid-oral,"amoxicilina 500mg 21 comprimidos"
RESOLVED_EXACT,amoxicilina,/medicamento/amoxicilina-250-mg-5ml-60-1oeka752o36wr,amoxicilina|5ml|bio:unknown|brand:curaespring,amoxicilina|5ml|bio:unknown|brand:curaespring,"amoxicilina 250 mg 5ml 60"
RESOLVED_EXACT,paracetamol,/medicamento/paracetamol-500-mg-x-16-comprimidos-1bskdry9t8hpp,paracetamol|500mg|16|bio:true|brand:unknown|form:solid-oral,paracetamol|500mg|16|bio:true|brand:unknown|form:solid-oral,"paracetamol 500 mg x 16 comprimidos"
RESOLVED_EXACT,paracetamol,/medicamento/paracetamol-500-mg-16-comprimidos-3luv1igt6hw1t,paracetamol|500mg|16|bio:true|brand:andromaco|form:solid-oral,paracetamol|500mg|16|bio:true|brand:andromaco|form:solid-oral,"paracetamol 500 mg 16 comprimidos"
RESOLVED_EXACT,paracetamol,/medicamento/paracetamol-500-mg-x-16-comprimidos-2vztkp6f4lcvz,paracetamol|500mg|16|bio:unknown|brand:andromaco|form:solid-oral,paracetamol|500mg|16|bio:unknown|brand:andromaco|form:solid-oral,"paracetamol 500 mg x 16 comprimidos"
RESOLVED_EXACT,paracetamol,/medicamento/paracetamol-500-mg-x-16-comprimidos-chile-3aq15txkp1qg,paracetamol|500mg|16|bio:unknown|brand:chile|form:solid-oral,paracetamol|500mg|16|bio:unknown|brand:chile|form:solid-oral,"paracetamol 500 mg x 16 comprimidos chile"
RESOLVED_EXACT,paracetamol,/medicamento/paracetamol-infantil-80-mg-100-comprimidos-2nktkgxue9hty,paracetamol|80mg|100|bio:unknown|brand:unknown|var:infantil|form:solid-oral,paracetamol|80mg|100|bio:unknown|brand:unknown|var:infantil|form:solid-oral,"paracetamol infantil 80 mg 100 comprimidos"
RESOLVED_EXACT,paracetamol,/medicamento/kitadol-paracetamol-500mg-x-24-comp-lch-descuento-caja-arrugada-2ojskny3snhh5,kitadol|500mg|24|bio:unknown|brand:unknown|form:solid-oral,kitadol|500mg|24|bio:unknown|brand:unknown|form:solid-oral,"kitadol paracetamol 500mg x 24 comp lch descuento caja arrugada"
RESOLVED_EXACT,paracetamol,/medicamento/paracetamol-500-mg-16-comp-31nclj9je42b3,paracetamol|500mg|16|bio:unknown|brand:unknown|form:solid-oral,paracetamol|500mg|16|bio:unknown|brand:unknown|form:solid-oral,"paracetamol 500 mg 16 comp"
RESOLVED_EXACT,paracetamol,/medicamento/geniol-adulto-500-mg-x-20-comprimidos-xnkt2dfecflu,geniol|500mg|20|bio:unknown|brand:mintlab|form:solid-oral,geniol|500mg|20|bio:unknown|brand:mintlab|form:solid-oral,"geniol adulto 500 mg x 20 comprimidos"
RESOLVED_EXACT,losartan,/medicamento/losartan-50-mg-x-30-comprimidos-lch-descuento-3h6gtw9cq2s2k,losartan|50mg|30|bio:true|brand:unknown|form:solid-oral,losartan|50mg|30|bio:true|brand:unknown|form:solid-oral,"losartan 50 mg x 30 comprimidos lch descuento"
RESOLVED_EXACT,losartan,/medicamento/losartan-potasico-50-mg-x30com-hospifarma-35tl7noz4zjva,losartan|50mg|30|bio:unknown|brand:hospifarma|form:solid-oral,losartan|50mg|30|bio:unknown|brand:hospifarma|form:solid-oral,"losartan potasico 50 mg x30com hospifarma"
RESOLVED_EXACT,losartan,/medicamento/losartan-potasico-50-mg-x-30-comprimidos-opko-3dwgodp8ejy7b,losartan|50mg|30|bio:unknown|brand:opko|form:solid-oral,losartan|50mg|30|bio:unknown|brand:opko|form:solid-oral,"losartan potasico 50 mg x 30 comprimidos opko"
RESOLVED_EXACT,losartan,/medicamento/losartan-potasico-50-mg-x-30-comprimidos-seven-pharma-2k9a134fg3un6,losartan|50mg|30|bio:unknown|brand:sevenpharma|form:solid-oral,losartan|50mg|30|bio:unknown|brand:sevenpharma|form:solid-oral,"losartan potasico 50 mg x 30 comprimidos seven pharma"
RESOLVED_EXACT,losartan,/medicamento/losartan-potasico-50-mg-x30com-mintlab-16mr6o035uljp,losartan|50mg|30|bio:unknown|brand:mintlab|form:solid-oral,losartan|50mg|30|bio:unknown|brand:mintlab|form:solid-oral,"losartan potasico 50 mg x30com mintlab"
RESOLVED_EXACT,losartan,/medicamento/losartan-potasico-50-mg-x-30-comprimidos-1nsv10i9ylrqn,losartan|50mg|30|bio:unknown|brand:chile|form:solid-oral,losartan|50mg|30|bio:unknown|brand:chile|form:solid-oral,"losartan potasico 50 mg x 30 comprimidos"
RESOLVED_EXACT,losartan,/medicamento/losartan-potasico-50-mg-x-30-comprimidos-ascend-1emlndrwk85zw,losartan|50mg|30|bio:unknown|brand:ascend|form:solid-oral,losartan|50mg|30|bio:unknown|brand:ascend|form:solid-oral,"losartan potasico 50 mg x 30 comprimidos ascend"
RESOLVED_EXACT,losartan,/medicamento/losartan-potasico-50-mg-x30com-eurofarma-15352f01r1itu,losartan|50mg|30|bio:unknown|brand:eurofarma|form:solid-oral,losartan|50mg|30|bio:unknown|brand:eurofarma|form:solid-oral,"losartan potasico 50 mg x30com eurofarma"
RESOLVED_WRONG_PRODUCT,omeprazol,/medicamento/omeprazol-20-mg-x-30-capsulas-opko-cenabast-descuento-3spaum39ayw3q,omeprazol|20mg|30|bio:true|brand:unknown|form:solid-oral,omeprazol|20mg|30|bio:unknown|brand:unknown|form:solid-oral,"omeprazol 20 mg x 30 capsulas opko cenabast descuento"
RESOLVED_EXACT,omeprazol,/medicamento/omeprazol-20-mg-x-30-capsulas-curae-spring-uvtp09xio8o1,omeprazol|20mg|30|bio:unknown|brand:curaespring|form:solid-oral,omeprazol|20mg|30|bio:unknown|brand:curaespring|form:solid-oral,"omeprazol 20 mg x 30 capsulas curae spring"
RESOLVED_EXACT,omeprazol,/medicamento/omeprazol-20-mg-x-30-comprimidos-opko-1gbrcde4f9qq1,omeprazol|20mg|30|bio:unknown|brand:opko|form:solid-oral,omeprazol|20mg|30|bio:unknown|brand:opko|form:solid-oral,"omeprazol 20 mg x 30 comprimidos opko"
NOT_FOUND,omeprazol,/medicamento/omeprazol-40-mg-10-ml-inyectable-x-1-frasco-ampolla-hospifarma-39s3e5t9i8dqo,omeprazol|10ml|bio:unknown|brand:hospifarma|form:injectable,,"omeprazol 40 mg 10 ml inyectable x 1 frasco ampolla hospifarma"
RESOLVED_EXACT,omeprazol,/medicamento/omeprazol-20-mg-30-capsulas-con-granulos-con-recubrimiento-enterico-13z4jrakaqfka,omeprazol|20mg|30|bio:true|brand:ascend|form:solid-oral,omeprazol|20mg|30|bio:true|brand:ascend|form:solid-oral,"omeprazol 20 mg 30 capsulas con granulos con recubrimiento enterico"
RESOLVED_EXACT,omeprazol,/medicamento/omeprazol-20-mg-x-30-capsulas-3j3gyd1rxo21i,omeprazol|20mg|30|bio:unknown|brand:ascend|form:solid-oral,omeprazol|20mg|30|bio:unknown|brand:ascend|form:solid-oral,"omeprazol 20 mg x 30 capsulas"
RESOLVED_EXACT,omeprazol,/medicamento/omeprazol-20-mg-x-30-capsulas-wux72s3209m5,omeprazol|20mg|30|bio:unknown|brand:chile|form:solid-oral,omeprazol|20mg|30|bio:unknown|brand:chile|form:solid-oral,"omeprazol 20 mg x 30 capsulas"
RESOLVED_EXACT,omeprazol,/medicamento/omeprazol-b-20mg-30-capsulas-hom2oef75f0y,omeprazol|20mg|30|bio:unknown|brand:unknown|form:solid-oral,omeprazol|20mg|30|bio:unknown|brand:unknown|form:solid-oral,"omeprazol b 20mg 30 capsulas"
RESOLVED_EXACT,metformina,/medicamento/metformina-clorhidrato-850mg-x-30-comprimidos-1myertuuz6lsw,metformina|850mg|30|bio:true|brand:unknown|form:solid-oral,metformina|850mg|30|bio:true|brand:unknown|form:solid-oral,"metformina clorhidrato 850mg x 30 comprimidos"
RESOLVED_EXACT,metformina,/medicamento/metformina-850-mg-x-60-comprimidos-cenabast-1bfr2udfh1c17,metformina|850mg|60|bio:true|brand:unknown|form:solid-oral,metformina|850mg|60|bio:true|brand:unknown|form:solid-oral,"metformina 850 mg x 60 comprimidos cenabast"
RESOLVED_EXACT,metformina,/medicamento/metformina-850-mg-30-comprimidos-recubiertos-3rh310iqp5kh0,metformina|850mg|30|bio:true|brand:ascend|form:solid-oral,metformina|850mg|30|bio:true|brand:ascend|form:solid-oral,"metformina 850 mg 30 comprimidos recubiertos"
NOT_FOUND,metformina,/medicamento/metformina-1000mg-x-30-comp-de-liberacion-prolongada-descuento-1pnlt8zov822a,metformina|1000mg|30|bio:true|brand:unknown|form:solid-oral,,"metformina 1000mg x 30 comp de liberacion prolongada descuento"
RESOLVED_EXACT,metformina,/medicamento/metformina-xr-500-mg-x-30-comprimidos-caplin-point-cenabast-nedpgmto6uul,metformina|500mg|30|bio:unknown|brand:ascend|var:xr|form:solid-oral,metformina|500mg|30|bio:unknown|brand:ascend|var:xr|form:solid-oral,"metformina xr 500 mg x 30 comprimidos caplin point cenabast"
RESOLVED_EXACT,metformina,/medicamento/metformina-850-mg-30-comp-3fjsswx0mpswj,metformina|850mg|30|bio:unknown|brand:opko|form:solid-oral,metformina|850mg|30|bio:unknown|brand:opko|form:solid-oral,"metformina 850 mg 30 comp"
NOT_FOUND,metformina,/medicamento/metformina-clorhidrato-500-mg-x-30-comprimidos-cenabast-1r2bzkyi5j0fa,metformina|500mg|30|bio:true|brand:unknown|form:solid-oral,,"metformina clorhidrato 500 mg x 30 comprimidos cenabast"
NOT_FOUND,metformina,/medicamento/metformina-clorhidrato750-mg-x-30-comprimidos-cenabast-descuento-19yer1kn0gv9v,metformina|750mg|30|bio:unknown|brand:unknown|form:solid-oral,,"metformina clorhidrato750 mg x 30 comprimidos cenabast descuento"
RESOLVED_EXACT,clorfenamina,/medicamento/clorfenamina-maleato-4-mg-x-20-comprimidos-chile-2pqxu68cjwthx,clorfenamina|4mg|20|bio:true|brand:unknown|form:solid-oral,clorfenamina|4mg|20|bio:true|brand:unknown|form:solid-oral,"clorfenamina maleato 4 mg x 20 comprimidos chile"
RESOLVED_EXACT,clorfenamina,/medicamento/clorfenamina-4-mg-20-comprimidos-2nzi73t6n303v,clorfenamina|4mg|20|bio:true|brand:teva|form:solid-oral,clorfenamina|4mg|20|bio:true|brand:teva|form:solid-oral,"clorfenamina 4 mg 20 comprimidos"
NOT_FOUND,clorfenamina,/medicamento/geniol-caliente-noche-sobre-5g-1xznbql1vz7n5,geniol|5000mg|n|bio:unknown|brand:mintlab|var:caliente|form:fluid-oral,,"geniol caliente noche sobre 5g"
RESOLVED_EXACT,clorfenamina,/medicamento/clorfenamina-inyectable-10-2ivgzmq5sw5te,clorfenamina|bio:unknown|brand:unknown|form:injectable,clorfenamina|bio:unknown|brand:unknown|form:injectable,"clorfenamina inyectable 10"
RESOLVED_EXACT,clorfenamina,/medicamento/clorfenamina-4-mg-x-20-comprimidos-be-2f04wpx5ant68,clorfenamina|4mg|20|bio:unknown|brand:chile|form:solid-oral,clorfenamina|4mg|20|bio:unknown|brand:chile|form:solid-oral,"clorfenamina 4 mg x 20 comprimidos be"
RESOLVED_EXACT,clorfenamina,/medicamento/clorfenamina-4-mg-x-20-comp-1f9o5eqekv0yf,clorfenamina|4mg|20|bio:unknown|brand:unknown|form:solid-oral,clorfenamina|4mg|20|bio:unknown|brand:unknown|form:solid-oral,"clorfenamina 4 mg x 20 comp"
RESOLVED_EXACT,clorfenamina,/medicamento/tapsin-plus-limonada-noche-x5g-xeuvptn7baz7,tapsin|5000mg|n|5|bio:unknown|brand:maver|var:plus,tapsin|5000mg|n|5|bio:unknown|brand:maver|var:plus,"tapsin plus limonada noche x5g"
RESOLVED_EXACT,clorfenamina,/medicamento/clorfenamina-4-mg-x-20-comprimidos-31opnil33bmza,clorfenamina|4mg|20|bio:unknown|brand:mintlab|form:solid-oral,clorfenamina|4mg|20|bio:unknown|brand:mintlab|form:solid-oral,"clorfenamina 4 mg x 20 comprimidos"
NOT_FOUND,cetirizina,/medicamento/cetirizina-10-mg-x-30-comprimidos-curaespring-3lrdotee6go9,cetirizina|10mg|30|bio:unknown|brand:curaespring|form:solid-oral,,"cetirizina 10 mg x 30 comprimidos curaespring"
RESOLVED_EXACT,cetirizina,/medicamento/cetirizina-10-mg-x-30-comprimidos-pasteur-26mk6jjcvnr40,cetirizina|10mg|30|bio:unknown|brand:pasteur|form:solid-oral,cetirizina|10mg|30|bio:unknown|brand:pasteur|form:solid-oral,"cetirizina 10 mg x 30 comprimidos pasteur"
RESOLVED_EXACT,cetirizina,/medicamento/cetirizina-10mg-x30com-ascend-60oofw3vc4am,cetirizina|10mg|30|bio:unknown|brand:ascend|form:solid-oral,cetirizina|10mg|30|bio:unknown|brand:ascend|form:solid-oral,"cetirizina 10mg x30com ascend"
RESOLVED_EXACT,cetirizina,/medicamento/cetirizina-10mg-x30com-hospifarma-gj4fsrjpz1is,cetirizina|10mg|30|bio:unknown|brand:hospifarma|form:solid-oral,cetirizina|10mg|30|bio:unknown|brand:hospifarma|form:solid-oral,"cetirizina 10mg x30com hospifarma"
RESOLVED_EXACT,cetirizina,/medicamento/findaler-10-mg-x-30-comprimidos-1uj8luu3862w6,findaler|10mg|30|bio:unknown|brand:medipharm|form:solid-oral,findaler|10mg|30|bio:unknown|brand:medipharm|form:solid-oral,"findaler 10 mg x 30 comprimidos"
RESOLVED_EXACT,cetirizina,/medicamento/coolips-10mg-x10com-173eic70ka5gs,coolips|10mg|10|bio:unknown|brand:mintlab|form:solid-oral,coolips|10mg|10|bio:unknown|brand:mintlab|form:solid-oral,"coolips 10mg x10com"
RESOLVED_EXACT,cetirizina,/medicamento/cetirizina-5-mg-5-ml-x-60-ml-jarabe-hospifarma-chile-ltd-xskb49blse5w,cetirizina|60ml|60|bio:unknown|brand:unknown|form:fluid-oral,cetirizina|60ml|60|bio:unknown|brand:unknown|form:fluid-oral,"cetirizina 5 mg 5 ml x 60 ml jarabe hospifarma chile ltd"
RESOLVED_EXACT,cetirizina,/medicamento/cetirizina-diclorhidrato-10-mg-x-30-comp-recubiertos-1l86b02sk1kcz,cetirizina|10mg|30|bio:true|brand:unknown|var:diclorhidrato|form:solid-oral,cetirizina|10mg|30|bio:true|brand:unknown|var:diclorhidrato|form:solid-oral,"cetirizina diclorhidrato 10 mg x 30 comp recubiertos"
RESOLVED_EXACT,naproxeno,/medicamento/naproxeno-550-mg-x-10-comp-recubiertos-andromaco-descuento-2gpy0eg3bxfm9,naproxeno|550mg|10|bio:true|brand:unknown|form:solid-oral,naproxeno|550mg|10|bio:true|brand:unknown|form:solid-oral,"naproxeno 550 mg x 10 comp recubiertos andromaco descuento"
RESOLVED_EXACT,naproxeno,/medicamento/naproxeno-550mg-x10com-eurofarma-6qwr46ecbk15,naproxeno|550mg|10|bio:unknown|brand:eurofarma|form:solid-oral,naproxeno|550mg|10|bio:unknown|brand:eurofarma|form:solid-oral,"naproxeno 550mg x10com eurofarma"
RESOLVED_EXACT,naproxeno,/medicamento/naproxeno-550-mg-x-10-comprimidos-lilpghco9c4b,naproxeno|550mg|10|bio:unknown|brand:andromaco|form:solid-oral,naproxeno|550mg|10|bio:unknown|brand:andromaco|form:solid-oral,"naproxeno 550 mg x 10 comprimidos"
RESOLVED_EXACT,naproxeno,/medicamento/naproxeno-sodico-550-mg-x-10-comprimidos-br4lyj2kdjc2,naproxeno|550mg|10|bio:unknown|brand:mintlab|form:solid-oral,naproxeno|550mg|10|bio:unknown|brand:mintlab|form:solid-oral,"naproxeno sodico 550 mg x 10 comprimidos"
RESOLVED_EXACT,naproxeno,/medicamento/naproxeno-550-mg-10-comprimidos-recubiertos-26p8iwnf35tjh,naproxeno|550mg|10|bio:true|brand:andromaco|form:solid-oral,naproxeno|550mg|10|bio:true|brand:andromaco|form:solid-oral,"naproxeno 550 mg 10 comprimidos recubiertos"
RESOLVED_EXACT,naproxeno,/medicamento/naproxeno-550-mg-x-10-comprimidos-3rx6fwfugqvgz,naproxeno|550mg|10|bio:unknown|brand:unknown|form:solid-oral,naproxeno|550mg|10|bio:unknown|brand:unknown|form:solid-oral,"naproxeno 550 mg x 10 comprimidos"
RESOLVED_EXACT,naproxeno,/medicamento/naproxeno-sodico-550-mg-10-339rfuss1mwl2,naproxeno|550mg|bio:unknown|brand:unknown,naproxeno|550mg|bio:unknown|brand:unknown,"naproxeno sodico 550 mg 10"
RESOLVED_EXACT,naproxeno,/medicamento/naproxeno-sodico-550-mg-10-dugtf9b5zrmy,naproxeno|550mg|bio:unknown|brand:andromaco,naproxeno|550mg|bio:unknown|brand:andromaco,"naproxeno sodico 550 mg 10"
RESOLVED_WRONG_PRODUCT,loratadina,/medicamento/loratadina-10-mg-por-30-comprimidos-descuento-q4x6ozinxr3z,loratadina|10mg|30|bio:true|brand:unknown|form:solid-oral,loratadina|10mg|30|bio:unknown|brand:unknown|form:solid-oral,"loratadina 10 mg por 30 comprimidos descuento"
RESOLVED_EXACT,loratadina,/medicamento/loratadina-10-mg-30-comprimidos-3ftizhms37qnh,loratadina|10mg|30|bio:true|brand:teva|form:solid-oral,loratadina|10mg|30|bio:true|brand:teva|form:solid-oral,"loratadina 10 mg 30 comprimidos"
RESOLVED_EXACT,loratadina,/medicamento/loratadina-10-mg-x-30-comprimidos-3roc96y4q2hm6,loratadina|10mg|30|bio:unknown|brand:chile|form:solid-oral,loratadina|10mg|30|bio:unknown|brand:chile|form:solid-oral,"loratadina 10 mg x 30 comprimidos"
RESOLVED_EXACT,loratadina,/medicamento/loratadina-10mg-x30com-opko-o8p10qpwfr98,loratadina|10mg|30|bio:unknown|brand:opko|form:solid-oral,loratadina|10mg|30|bio:unknown|brand:opko|form:solid-oral,"loratadina 10mg x30com opko"
RESOLVED_EXACT,loratadina,/medicamento/loratadina-10-mg-x-30-comp-1ey2kvp9l715,loratadina|10mg|30|bio:unknown|brand:unknown|form:solid-oral,loratadina|10mg|30|bio:unknown|brand:unknown|form:solid-oral,"loratadina 10 mg x 30 comp"
RESOLVED_EXACT,loratadina,/medicamento/loratadina-10-mg-x-30-comprimidos-ley-cenabast-7irjvewcm9an,loratadina|10mg|30|bio:unknown|brand:ascend|form:solid-oral,loratadina|10mg|30|bio:unknown|brand:ascend|form:solid-oral,"loratadina 10 mg x 30 comprimidos ley cenabast"
RESOLVED_EXACT,loratadina,/medicamento/loratadina-10-mg-x-30-comprimiidos-ascend-cenabast-25t4pgmjt6gs9,loratadina|10mg|30|bio:unknown|brand:ascend,loratadina|10mg|30|bio:unknown|brand:ascend,"loratadina 10 mg x 30 comprimiidos ascend cenabast"
RESOLVED_EXACT,loratadina,/medicamento/loptame-jarabe-5mg-5ml-x60ml-bvw3rqvdvsnw,loptame|60ml|60|bio:unknown|brand:eurofarma|form:fluid-oral,loptame|60ml|60|bio:unknown|brand:eurofarma|form:fluid-oral,"loptame jarabe 5mg 5ml x60ml"
RESOLVED_EXACT,clotrimazol,/medicamento/clotrimazol-1-crema-20-g-4o87ajadhyzh,clotrimazol|20000mg|bio:false|brand:pasteur|form:topical,clotrimazol|20000mg|bio:false|brand:pasteur|form:topical,"clotrimazol 1 crema 20 g"
NOT_FOUND,clotrimazol,/medicamento/clotrimazol-crema-topica-al-1-x-20-g-surfarma-23poitc26mv6o,clotrimazol|20000mg|20|bio:unknown|brand:unknown|var:al|form:topical,,"clotrimazol crema topica al 1 x 20 g surfarma"
NOT_FOUND,clotrimazol,/medicamento/clotrimazol-crema-topica-1-20g-ethon-cenabast-11k1hgfzyyees,clotrimazol|20000mg|bio:unknown|brand:unknown|form:topical,,"clotrimazol crema topica 1 20g ethon cenabast"
RESOLVED_EXACT,clotrimazol,/medicamento/clotrimazol-crema-topica-1-x-20-g-3fi8p6b5z9fiw,clotrimazol|20000mg|20|bio:unknown|brand:unknown|form:topical,clotrimazol|20000mg|20|bio:unknown|brand:unknown|form:topical,"clotrimazol crema topica 1 x 20 g"
RESOLVED_EXACT,clotrimazol,/medicamento/clotrimazol-betametasona-dipropionato-crema-topica-15g-60ebh7v9gdbo,clotrimazol|15000mg|bio:unknown|brand:unknown|combo:betametasona|form:topical,clotrimazol|15000mg|bio:unknown|brand:unknown|combo:betametasona|form:topical,"clotrimazol betametasona dipropionato crema topica 15g"
RESOLVED_EXACT,clotrimazol,/medicamento/clotrimazol-betametasona-x-15-g-crema-topica-hospifarma-chile-ltd-22rhq6qmay50g,clotrimazol|15000mg|15|bio:unknown|brand:unknown|combo:betametasona|form:topical,clotrimazol|15000mg|15|bio:unknown|brand:unknown|combo:betametasona|form:topical,"clotrimazol betametasona x 15 g crema topica hospifarma chile ltd"
RESOLVED_EXACT,clotrimazol,/medicamento/clotrimazol-1-g-betametasona-0-05-g-crema-topica-15-g-3utk2lyqrxw6s,clotrimazol|15000mg|bio:false|brand:opko|form:topical,clotrimazol|15000mg|bio:false|brand:opko|form:topical,"clotrimazol 1 g betametasona 0 05 g crema topica 15 g"
RESOLVED_EXACT,clotrimazol,/medicamento/clotrimazol-crema-topica-1-x-20-g-356glcxr0jc3a,clotrimazol|20000mg|20|bio:unknown|brand:curespring|form:topical,clotrimazol|20000mg|20|bio:unknown|brand:curespring|form:topical,"clotrimazol crema topica 1 x 20 g"
RESOLVED_EXACT,glicerina,/medicamento/palmolive-jabon-en-barra-humectante-oliva-y-aloe-vera-85-g-2xgk5ldrsrhb8,palmolive|85000mg|bio:unknown|brand:palmolive|var:jabon,palmolive|85000mg|bio:unknown|brand:palmolive|var:jabon,"palmolive jabon en barra humectante oliva y aloe vera 85 g"
RESOLVED_EXACT,glicerina,/medicamento/sany-farm-alco-gel70-60m-52h9m05l8kg7,sanyfarm|bio:unknown|brand:unknown|var:alco,sanyfarm|bio:unknown|brand:unknown|var:alco,"sany farm alco gel70 60m"
RESOLVED_EXACT,glicerina,/medicamento/jabon-glicerina-idem-70g-394rv28ad8tcg,jabon|70000mg|bio:unknown|brand:unknown|var:glicerina,jabon|70000mg|bio:unknown|brand:unknown|var:glicerina,"jabon glicerina idem 70g"
NOT_FOUND,glicerina,/medicamento/ballerina-jabon-de-glicerina-750-ml-1gno4wnnjz0xe,ballerina|750ml|bio:unknown|brand:unknown|var:jabon,,"ballerina jabon de glicerina 750 ml"
RESOLVED_EXACT,glicerina,/medicamento/jabon-de-glicerina-coco-340-jptg1n1e6whg,jabon|bio:unknown|brand:elite|var:glicerina,jabon|bio:unknown|brand:elite|var:glicerina,"jabon de glicerina coco 340"
RESOLVED_EXACT,glicerina,/medicamento/jabon-liquido-de-glicerina-ph-neutro-flor-de-lavanda-500-ml-33itye6dgl3pz,jabon|500ml|bio:unknown|brand:colorbel|var:glicerina,jabon|500ml|bio:unknown|brand:colorbel|var:glicerina,"jabon liquido de glicerina ph neutro flor de lavanda 500 ml"
RESOLVED_EXACT,glicerina,/medicamento/cranberry-hidrogel-pomo-15-gramos-18bw6cxvcp9s5,cranberry|bio:unknown|brand:unknown|var:hidrogel,cranberry|bio:unknown|brand:unknown|var:hidrogel,"cranberry hidrogel pomo 15 gramos"
NOT_FOUND,glicerina,/medicamento/babyland-jabon-de-glicerina-ph-neutro-750-ml-hcqa8ugs71j9,babyland|750ml|bio:unknown|brand:unknown|var:jabon,,"babyland jabon de glicerina ph neutro 750 ml"